UpDown,lag1return,lag2return,lag3return,lag4return,lag5return
0,-0.008093685,-0.008403811,0.017888281,0.011629843,-0.008893472
0,-0.002578555,-0.008093685,-0.008403811,0.017888281,0.011629843
0,-0.005813067,-0.002578555,-0.008093685,-0.008403811,0.017888281
1,-0.009247876,-0.005813067,-0.002578555,-0.008093685,-0.008403811
1,0.013424199,-0.009247876,-0.005813067,-0.002578555,-0.008093685
1,0.001549952,0.013424199,-0.009247876,-0.005813067,-0.002578555
1,0.004731624,0.001549952,0.013424199,-0.009247876,-0.005813067
0,0.015269722,0.004731624,0.001549952,0.013424199,-0.009247876
1,-0.005491522,0.015269722,0.004731624,0.001549952,0.013424199
0,0.002568461,-0.005491522,0.015269722,0.004731624,0.001549952
0,-0.013387862,0.002568461,-0.005491522,0.015269722,0.004731624
1,-0.01349561,-0.013387862,0.002568461,-0.005491522,0.015269722
0,0.009534685,-0.01349561,-0.013387862,0.002568461,-0.005491522
1,-0.012991965,0.009534685,-0.01349561,-0.013387862,0.002568461
1,0.012962464,-0.012991965,0.009534685,-0.01349561,-0.013387862
0,0.014439495,0.012962464,-0.012991965,0.009534685,-0.01349561
1,-0.004156046,0.014439495,0.012962464,-0.012991965,0.009534685
0,0.010291407,-0.004156046,0.014439495,0.012962464,-0.012991965
0,-0.003418172,0.010291407,-0.004156046,0.014439495,0.012962464
1,-0.004247195,-0.003418172,0.010291407,-0.004156046,0.014439495
0,0.010675561,-0.004247195,-0.003418172,0.010291407,-0.004156046
1,-2.90338E-05,0.010675561,-0.004247195,-0.003418172,0.010291407
1,0.009644506,-2.90338E-05,0.010675561,-0.004247195,-0.003418172
1,0.004074739,0.009644506,-2.90338E-05,0.010675561,-0.004247195
0,0.001597575,0.004074739,0.009644506,-2.90338E-05,0.010675561
0,-0.000314309,0.001597575,0.004074739,0.009644506,-2.90338E-05
1,-0.001062058,-0.000314309,0.001597575,0.004074739,0.009644506
0,0.006126534,-0.001062058,-0.000314309,0.001597575,0.004074739
1,-0.000303339,0.006126534,-0.001062058,-0.000314309,0.001597575
0,0.002758771,-0.000303339,0.006126534,-0.001062058,-0.000314309
0,-0.000765724,0.002758771,-0.000303339,0.006126534,-0.001062058
0,-0.001476028,-0.000765724,0.002758771,-0.000303339,0.006126534
1,-0.002956304,-0.001476028,-0.000765724,0.002758771,-0.000303339
0,0.006124919,-0.002956304,-0.001476028,-0.000765724,0.002758771
0,-0.004538542,0.006124919,-0.002956304,-0.001476028,-0.000765724
1,-0.004388503,-0.004538542,0.006124919,-0.002956304,-0.001476028
0,0.00119608,-0.004388503,-0.004538542,0.006124919,-0.002956304
1,-0.014173946,0.00119608,-0.004388503,-0.004538542,0.006124919
0,0.003944421,-0.014173946,0.00119608,-0.004388503,-0.004538542
0,-0.01696133,0.003944421,-0.014173946,0.00119608,-0.004388503
1,-0.00191768,-0.01696133,0.003944421,-0.014173946,0.00119608
0,0.01260144,-0.00191768,-0.01696133,0.003944421,-0.014173946
1,-0.006074711,0.01260144,-0.00191768,-0.01696133,0.003944421
0,0.013533671,-0.006074711,0.01260144,-0.00191768,-0.01696133
1,-0.003320174,0.013533671,-0.006074711,0.01260144,-0.00191768
0,0.012158422,-0.003320174,0.013533671,-0.006074711,0.01260144
1,-0.004872579,0.012158422,-0.003320174,0.013533671,-0.006074711
0,0.009012755,-0.004872579,0.012158422,-0.003320174,0.013533671
0,-0.001745731,0.009012755,-0.004872579,0.012158422,-0.003320174
0,-0.006139422,-0.001745731,0.009012755,-0.004872579,0.012158422
0,-0.014558906,-0.006139422,-0.001745731,0.009012755,-0.004872579
1,-0.0023775,-0.014558906,-0.006139422,-0.001745731,0.009012755
1,0.002368562,-0.0023775,-0.014558906,-0.006139422,-0.001745731
0,0.012236645,0.002368562,-0.0023775,-0.014558906,-0.006139422
0,-0.008795775,0.012236645,0.002368562,-0.0023775,-0.014558906
1,-0.003965372,-0.008795775,0.012236645,0.002368562,-0.0023775
1,0.003529667,-0.003965372,-0.008795775,0.012236645,0.002368562
0,0.006608815,0.003529667,-0.003965372,-0.008795775,0.012236645
1,-0.002061904,0.006608815,0.003529667,-0.003965372,-0.008795775
1,0.002682533,-0.002061904,0.006608815,0.003529667,-0.003965372
1,0.004457481,0.002682533,-0.002061904,0.006608815,0.003529667
0,0.005202865,0.004457481,0.002682533,-0.002061904,0.006608815
1,-0.004581281,0.005202865,0.004457481,0.002682533,-0.002061904
1,0.001629759,-0.004581281,0.005202865,0.004457481,0.002682533
0,0.005148196,0.001629759,-0.004581281,0.005202865,0.004457481
0,-0.000778444,0.005148196,0.001629759,-0.004581281,0.005202865
1,-0.011311245,-0.000778444,0.005148196,0.001629759,-0.004581281
0,0.009235131,-0.011311245,-0.000778444,0.005148196,0.001629759
1,-0.001480605,0.009235131,-0.011311245,-0.000778444,0.005148196
1,0.00508748,-0.001480605,0.009235131,-0.011311245,-0.000778444
1,0.002357716,0.00508748,-0.001480605,0.009235131,-0.011311245
0,0.0022528,0.002357716,0.00508748,-0.001480605,0.009235131
1,-0.004141314,0.0022528,0.002357716,0.00508748,-0.001480605
0,0.002769232,-0.004141314,0.0022528,0.002357716,0.00508748
0,-0.003740336,0.002769232,-0.004141314,0.0022528,0.002357716
1,-0.010128907,-0.003740336,0.002769232,-0.004141314,0.0022528
1,0.010923002,-0.010128907,-0.003740336,0.002769232,-0.004141314
0,0.002940749,0.010923002,-0.010128907,-0.003740336,0.002769232
0,-0.011837384,0.002940749,0.010923002,-0.010128907,-0.003740336
1,-0.004455725,-0.011837384,0.002940749,0.010923002,-0.010128907
1,0.003773814,-0.004455725,-0.011837384,0.002940749,0.010923002
0,0.013457901,0.003773814,-0.004455725,-0.011837384,0.002940749
0,-0.005089561,0.013457901,0.003773814,-0.004455725,-0.011837384
0,-0.002949638,-0.005089561,0.013457901,0.003773814,-0.004455725
1,-0.000304955,-0.002949638,-0.005089561,0.013457901,0.003773814
1,0.010779287,-0.000304955,-0.002949638,-0.005089561,0.013457901
1,0.000768414,0.010779287,-0.000304955,-0.002949638,-0.005089561
0,0.003047948,0.000768414,0.010779287,-0.000304955,-0.002949638
0,-0.000643375,0.003047948,0.000768414,0.010779287,-0.000304955
1,-0.000930516,-0.000643375,0.003047948,0.000768414,0.010779287
0,0.002337874,-0.000930516,-0.000643375,0.003047948,0.000768414
0,-0.002233886,0.002337874,-0.000930516,-0.000643375,0.003047948
1,-0.01028198,-0.002233886,0.002337874,-0.000930516,-0.000643375
0,0.009162641,-0.01028198,-0.002233886,0.002337874,-0.000930516
0,-0.001266761,0.009162641,-0.01028198,-0.002233886,0.002337874
1,-0.006318469,-0.001266761,0.009162641,-0.01028198,-0.002233886
0,0.002059461,-0.006318469,-0.001266761,0.009162641,-0.01028198
1,-0.001008596,0.002059461,-0.006318469,-0.001266761,0.009162641
0,0.002118871,-0.001008596,0.002059461,-0.006318469,-0.001266761
0,-0.008623167,0.002118871,-0.001008596,0.002059461,-0.006318469
0,-0.001436183,-0.008623167,0.002118871,-0.001008596,0.002059461
1,-0.00647451,-0.001436183,-0.008623167,0.002118871,-0.001008596
1,0.000418353,-0.00647451,-0.001436183,-0.008623167,0.002118871
1,0.012042425,0.000418353,-0.00647451,-0.001436183,-0.008623167
0,0.001738626,0.012042425,0.000418353,-0.00647451,-0.001436183
0,-0.0069943,0.001738626,0.012042425,0.000418353,-0.00647451
1,-0.004622572,-0.0069943,0.001738626,0.012042425,0.000418353
1,0.005689856,-0.004622572,-0.0069943,0.001738626,0.012042425
1,0.001979641,0.005689856,-0.004622572,-0.0069943,0.001738626
0,0.009902711,0.001979641,0.005689856,-0.004622572,-0.0069943
1,-0.005303502,0.009902711,0.001979641,0.005689856,-0.004622572
1,0.006094867,-0.005303502,0.009902711,0.001979641,0.005689856
0,0.000635868,0.006094867,-0.005303502,0.009902711,0.001979641
0,-0.007353297,0.000635868,0.006094867,-0.005303502,0.009902711
0,-0.002973574,-0.007353297,0.000635868,0.006094867,-0.005303502
0,-0.00039008,-0.002973574,-0.007353297,0.000635868,0.006094867
1,-0.020866194,-0.00039008,-0.002973574,-0.007353297,0.000635868
1,0.002658489,-0.020866194,-0.00039008,-0.002973574,-0.007353297
0,0.00693604,0.002658489,-0.020866194,-0.00039008,-0.002973574
0,-0.000308023,0.00693604,0.002658489,-0.020866194,-0.00039008
1,-0.003861757,-0.000308023,0.00693604,0.002658489,-0.020866194
0,0.006080975,-0.003861757,-0.000308023,0.00693604,0.002658489
1,-0.016652749,0.006080975,-0.003861757,-0.000308023,0.00693604
1,0.002262203,-0.016652749,0.006080975,-0.003861757,-0.000308023
1,0.012338485,0.002262203,-0.016652749,0.006080975,-0.003861757
1,0.011066049,0.012338485,0.002262203,-0.016652749,0.006080975
0,0.004453159,0.011066049,0.012338485,0.002262203,-0.016652749
1,-0.000734986,0.004453159,0.011066049,0.012338485,0.002262203
1,0.008014681,-0.000734986,0.004453159,0.011066049,0.012338485
1,0.001106183,0.008014681,-0.000734986,0.004453159,0.011066049
0,0.000771234,0.001106183,0.008014681,-0.000734986,0.004453159
0,-0.004261689,0.000771234,0.001106183,0.008014681,-0.000734986
0,-0.00238771,-0.004261689,0.000771234,0.001106183,0.008014681
0,-0.00567604,-0.00238771,-0.004261689,0.000771234,0.001106183
0,-0.010703328,-0.00567604,-0.00238771,-0.004261689,0.000771234
1,-0.005775015,-0.010703328,-0.00567604,-0.00238771,-0.004261689
1,0.012386154,-0.005775015,-0.010703328,-0.00567604,-0.00238771
1,0.007318795,0.012386154,-0.005775015,-0.010703328,-0.00567604
0,2.83676E-05,0.007318795,0.012386154,-0.005775015,-0.010703328
0,-0.00227152,2.83676E-05,0.007318795,0.012386154,-0.005775015
0,-0.002756887,-0.00227152,2.83676E-05,0.007318795,0.012386154
1,-0.002249705,-0.002756887,-0.00227152,2.83676E-05,0.007318795
0,0.003114679,-0.002249705,-0.002756887,-0.00227152,2.83676E-05
0,-0.007752985,0.003114679,-0.002249705,-0.002756887,-0.00227152
1,-0.002874883,-0.007752985,0.003114679,-0.002249705,-0.002756887
0,0.012808167,-0.002874883,-0.007752985,0.003114679,-0.002249705
1,-0.009557103,0.012808167,-0.002874883,-0.007752985,0.003114679
0,0.000950055,-0.009557103,0.012808167,-0.002874883,-0.007752985
1,-0.001275212,0.000950055,-0.009557103,0.012808167,-0.002874883
1,0.003911964,-0.001275212,0.000950055,-0.009557103,0.012808167
0,0.005211424,0.003911964,-0.001275212,0.000950055,-0.009557103
0,-0.00262553,0.005211424,0.003911964,-0.001275212,0.000950055
0,-0.008254877,-0.00262553,0.005211424,0.003911964,-0.001275212
0,-0.02110017,-0.008254877,-0.00262553,0.005211424,0.003911964
0,-0.031850965,-0.02110017,-0.008254877,-0.00262553,0.005211424
0,-0.039413693,-0.031850965,-0.02110017,-0.008254877,-0.00262553
1,-0.013521995,-0.039413693,-0.031850965,-0.02110017,-0.008254877
1,0.039033859,-0.013521995,-0.039413693,-0.031850965,-0.02110017
1,0.024297748,0.039033859,-0.013521995,-0.039413693,-0.031850965
0,0.000608736,0.024297748,0.039033859,-0.013521995,-0.039413693
0,-0.00839167,0.000608736,0.024297748,0.039033859,-0.013521995
1,-0.029576447,-0.00839167,0.000608736,0.024297748,0.039033859
1,0.018292975,-0.029576447,-0.00839167,0.000608736,0.024297748
0,0.001164794,0.018292975,-0.029576447,-0.00839167,0.000608736
1,-0.015329596,0.001164794,0.018292975,-0.029576447,-0.00839167
0,0.025083053,-0.015329596,0.001164794,0.018292975,-0.029576447
1,-0.01389756,0.025083053,-0.015329596,0.001164794,0.018292975
1,0.005277955,-0.01389756,0.025083053,-0.015329596,0.001164794
0,0.004487043,0.005277955,-0.01389756,0.025083053,-0.015329596
1,-0.004089656,0.004487043,0.005277955,-0.01389756,0.025083053
1,0.012831312,-0.004089656,0.004487043,0.005277955,-0.01389756
0,0.008705414,0.012831312,-0.004089656,0.004487043,0.005277955
0,-0.00256106,0.008705414,0.012831312,-0.004089656,0.004487043
1,-0.016164166,-0.00256106,0.008705414,0.012831312,-0.004089656
0,0.004565784,-0.016164166,-0.00256106,0.008705414,0.012831312
0,-0.01231843,0.004565784,-0.016164166,-0.00256106,0.008705414
0,-0.002048643,-0.01231843,0.004565784,-0.016164166,-0.00256106
0,-0.003362985,-0.002048643,-0.01231843,0.004565784,-0.016164166
0,-0.000465793,-0.003362985,-0.002048643,-0.01231843,0.004565784
1,-0.02566609,-0.000465793,-0.003362985,-0.002048643,-0.01231843
1,0.001232853,-0.02566609,-0.000465793,-0.003362985,-0.002048643
1,0.019075556,0.001232853,-0.02566609,-0.000465793,-0.003362985
1,0.001973884,0.019075556,0.001232853,-0.02566609,-0.000465793
1,0.014315289,0.001973884,0.019075556,0.001232853,-0.02566609
0,0.018289841,0.014315289,0.001973884,0.019075556,0.001232853
1,-0.003588236,0.018289841,0.014315289,0.001973884,0.019075556
1,0.008035634,-0.003588236,0.018289841,0.014315289,0.001973884
1,0.008818436,0.008035634,-0.003588236,0.018289841,0.014315289
1,0.000725111,0.008818436,0.008035634,-0.003588236,0.018289841
0,0.001275477,0.000725111,0.008818436,0.008035634,-0.003588236
0,-0.006825424,0.001275477,0.000725111,0.008818436,0.008035634
1,-0.004716274,-0.006825424,0.001275477,0.000725111,0.008818436
1,0.014852774,-0.004716274,-0.006825424,0.001275477,0.000725111
1,0.004570474,0.014852774,-0.004716274,-0.006825424,0.001275477
0,0.000270546,0.004570474,0.014852774,-0.004716274,-0.006825424
0,-0.00142109,0.000270546,0.004570474,0.014852774,-0.004716274
1,-0.005825415,-0.00142109,0.000270546,0.004570474,0.014852774
1,0.016627572,-0.005825415,-0.00142109,0.000270546,0.004570474
0,0.011030344,0.016627572,-0.005825415,-0.00142109,0.000270546
0,-0.0019131,0.011030344,0.016627572,-0.005825415,-0.00142109
1,-0.002554119,-0.0019131,0.011030344,0.016627572,-0.005825415
0,0.011840033,-0.002554119,-0.0019131,0.011030344,0.016627572
0,-0.000449774,0.011840033,-0.002554119,-0.0019131,0.011030344
1,-0.004809877,-0.000449774,0.011840033,-0.002554119,-0.0019131
1,0.011873817,-0.004809877,-0.000449774,0.011840033,-0.002554119
0,0.002728067,0.011873817,-0.004809877,-0.000449774,0.011840033
0,-0.003545367,0.002728067,0.011873817,-0.004809877,-0.000449774
0,-0.001132148,-0.003545367,0.002728067,0.011873817,-0.004809877
0,-0.000347622,-0.001132148,-0.003545367,0.002728067,0.011873817
1,-0.009822729,-0.000347622,-0.001132148,-0.003545367,0.002728067
0,0.001510595,-0.009822729,-0.000347622,-0.001132148,-0.003545367
0,-0.003228086,0.001510595,-0.009822729,-0.000347622,-0.001132148
0,-0.013990375,-0.003228086,0.001510595,-0.009822729,-0.000347622
1,-0.011207365,-0.013990375,-0.003228086,0.001510595,-0.009822729
0,0.014903265,-0.011207365,-0.013990375,-0.003228086,0.001510595
1,-0.001339379,0.014903265,-0.011207365,-0.013990375,-0.003228086
0,0.016162452,-0.001339379,0.014903265,-0.011207365,-0.013990375
1,-0.001123109,0.016162452,-0.001339379,0.014903265,-0.011207365
0,0.003810196,-0.001123109,0.016162452,-0.001339379,0.014903265
1,-0.001234861,0.003810196,-0.001123109,0.016162452,-0.001339379
0,0.001221996,-0.001234861,0.003810196,-0.001123109,0.016162452
1,-0.000129133,0.001221996,-0.001234861,0.003810196,-0.001123109
0,0.000593618,-0.000129133,0.001221996,-0.001234861,0.003810196
1,-0.004640997,0.000593618,-0.000129133,0.001221996,-0.001234861
0,0.010680574,-0.004640997,0.000593618,-0.000129133,0.001221996
0,-0.010995693,0.010680574,-0.004640997,0.000593618,-0.000129133
1,-0.014373527,-0.010995693,0.010680574,-0.004640997,0.000593618
0,0.020525669,-0.014373527,-0.010995693,0.010680574,-0.004640997
0,-0.006989503,0.020525669,-0.014373527,-0.010995693,0.010680574
0,-0.006489901,-0.006989503,0.020525669,-0.014373527,-0.010995693
1,-0.007738985,-0.006489901,-0.006989503,0.020525669,-0.014373527
0,0.002251387,-0.007738985,-0.006489901,-0.006989503,0.020525669
1,-0.019422767,0.002251387,-0.007738985,-0.006489901,-0.006989503
1,0.00475556,-0.019422767,0.002251387,-0.007738985,-0.006489901
1,0.010618561,0.00475556,-0.019422767,0.002251387,-0.007738985
0,0.014514969,0.010618561,0.00475556,-0.019422767,0.002251387
0,-0.015040521,0.014514969,0.010618561,0.00475556,-0.019422767
1,-0.01779722,-0.015040521,0.014514969,0.010618561,0.00475556
1,0.007778402,-0.01779722,-0.015040521,0.014514969,0.010618561
1,0.008816736,0.007778402,-0.01779722,-0.015040521,0.014514969
0,0.012418068,0.008816736,0.007778402,-0.01779722,-0.015040521
0,-0.001598636,0.012418068,0.008816736,0.007778402,-0.01779722
1,-0.00217856,-0.001598636,0.012418068,0.008816736,0.007778402
0,0.010629763,-0.00217856,-0.001598636,0.012418068,0.008816736
0,-0.007217229,0.010629763,-0.00217856,-0.001598636,0.012418068
0,-0.009411913,-0.007217229,0.010629763,-0.00217856,-0.001598636
1,-0.015303731,-0.009411913,-0.007217229,0.010629763,-0.00217856
0,0.002012226,-0.015303731,-0.009411913,-0.007217229,0.010629763
0,-0.013115397,0.002012226,-0.015303731,-0.009411913,-0.007217229
0,-0.023700443,-0.013115397,0.002012226,-0.015303731,-0.009411913
1,-0.010838375,-0.023700443,-0.013115397,0.002012226,-0.015303731
1,0.000853272,-0.010838375,-0.023700443,-0.013115397,0.002012226
0,0.007802799,0.000853272,-0.010838375,-0.023700443,-0.013115397
1,-0.024965453,0.007802799,0.000853272,-0.010838375,-0.023700443
0,0.016695906,-0.024965453,0.007802799,0.000853272,-0.010838375
1,-0.021599098,0.016695906,-0.024965453,0.007802799,0.000853272
0,0.000531822,-0.021599098,0.016695906,-0.024965453,0.007802799
1,-0.011693855,0.000531822,-0.021599098,0.016695906,-0.024965453
1,0.005195438,-0.011693855,0.000531822,-0.021599098,0.016695906
0,0.020283701,0.005195438,-0.011693855,0.000531822,-0.021599098
1,-0.015637982,0.020283701,0.005195438,-0.011693855,0.000531822
0,0.014144336,-0.015637982,0.020283701,0.005195438,-0.011693855
1,-0.010863484,0.014144336,-0.015637982,0.020283701,0.005195438
1,0.005528577,-0.010863484,0.014144336,-0.015637982,0.020283701
0,0.024760217,0.005528577,-0.010863484,0.014144336,-0.015637982
0,-0.000443236,0.024760217,0.005528577,-0.010863484,0.014144336
1,-0.018743091,-0.000443236,0.024760217,0.005528577,-0.010863484
1,0.004992039,-0.018743091,-0.000443236,0.024760217,0.005528577
0,0.001526733,0.004992039,-0.018743091,-0.000443236,0.024760217
0,-0.018481246,0.001526733,0.004992039,-0.018743091,-0.000443236
0,-0.014153936,-0.018481246,0.001526733,0.004992039,-0.018743091
0,-0.00066362,-0.014153936,-0.018481246,0.001526733,0.004992039
0,-0.000188951,-0.00066362,-0.014153936,-0.018481246,0.001526733
1,-0.012301162,-0.000188951,-0.00066362,-0.014153936,-0.018481246
1,0.019518049,-0.012301162,-0.000188951,-0.00066362,-0.014153936
1,0.016516654,0.019518049,-0.012301162,-0.000188951,-0.00066362
0,0.016480439,0.016516654,0.019518049,-0.012301162,-0.000188951
0,-0.004665714,0.016480439,0.016516654,0.019518049,-0.012301162
1,-2.60331E-05,-0.004665714,0.016480439,0.016516654,0.019518049
0,0.014454197,-2.60331E-05,-0.004665714,0.016480439,0.016516654
1,-0.012454372,0.014454197,-2.60331E-05,-0.004665714,0.016480439
1,0.004439787,-0.012454372,0.014454197,-2.60331E-05,-0.004665714
0,0.011348275,0.004439787,-0.012454372,0.014454197,-2.60331E-05
0,-0.001870114,0.011348275,0.004439787,-0.012454372,0.014454197
1,-0.008120977,-0.001870114,0.011348275,0.004439787,-0.012454372
1,0.023868792,-0.008120977,-0.001870114,0.011348275,0.004439787
1,0.004094308,0.023868792,-0.008120977,-0.001870114,0.011348275
1,0.003498741,0.004094308,0.023868792,-0.008120977,-0.001870114
1,0.003305892,0.003498741,0.004094308,0.023868792,-0.008120977
0,0.000885014,0.003305892,0.003498741,0.004094308,0.023868792
1,-0.011240109,0.000885014,0.003305892,0.003498741,0.004094308
1,0.005052393,-0.011240109,0.000885014,0.003305892,0.003498741
1,0.000155805,0.005052393,-0.011240109,0.000885014,0.003305892
0,0.0163955,0.000155805,0.005052393,-0.011240109,0.000885014
0,-0.001260973,0.0163955,0.000155805,0.005052393,-0.011240109
1,-0.001836942,-0.001260973,0.0163955,0.000155805,0.005052393
1,0.005600352,-0.001836942,-0.001260973,0.0163955,0.000155805
1,0.006595236,0.005600352,-0.001836942,-0.001260973,0.0163955
1,0.004405644,0.006595236,0.005600352,-0.001836942,-0.001260973
0,0.000985577,0.004405644,0.006595236,0.005600352,-0.001836942
0,-0.000877388,0.000985577,0.004405644,0.006595236,0.005600352
0,-0.006386032,-0.000877388,0.000985577,0.004405644,0.006595236
1,-0.000378071,-0.006386032,-0.000877388,0.000985577,0.004405644
1,0.000545256,-0.000378071,-0.006386032,-0.000877388,0.000985577
1,0.008816652,0.000545256,-0.000378071,-0.006386032,-0.000877388
0,0.004350315,0.008816652,0.000545256,-0.000378071,-0.006386032
1,-0.002039759,0.004350315,0.008816652,0.000545256,-0.000378071
0,0.006330915,-0.002039759,0.004350315,0.008816652,0.000545256
0,-0.003208322,0.006330915,-0.002039759,0.004350315,0.008816652
1,-0.010144492,-0.003208322,0.006330915,-0.002039759,0.004350315
0,0.010507619,-0.010144492,-0.003208322,0.006330915,-0.002039759
1,-0.011975787,0.010507619,-0.010144492,-0.003208322,0.006330915
0,0.002786578,-0.011975787,0.010507619,-0.010144492,-0.003208322
1,-0.002739786,0.002786578,-0.011975787,0.010507619,-0.010144492
1,0.009662134,-0.002739786,0.002786578,-0.011975787,0.010507619
1,0.010040137,0.009662134,-0.002739786,0.002786578,-0.011975787
0,0.000172927,0.010040137,0.009662134,-0.002739786,0.002786578
1,-0.000984285,0.000172927,0.010040137,0.009662134,-0.002739786
1,0.006541026,-0.000984285,0.000172927,0.010040137,0.009662134
1,0.003084485,0.006541026,-0.000984285,0.000172927,0.010040137
0,0.000761545,0.003084485,0.006541026,-0.000984285,0.000172927
1,-0.005194027,0.000761545,0.003084485,0.006541026,-0.000984285
0,4.78599E-05,-0.005194027,0.000761545,0.003084485,0.006541026
1,-0.001812046,4.78599E-05,-0.005194027,0.000761545,0.003084485
1,0.001872752,-0.001812046,4.78599E-05,-0.005194027,0.000761545
0,0.001649353,0.001872752,-0.001812046,4.78599E-05,-0.005194027
0,-0.009230768,0.001649353,0.001872752,-0.001812046,4.78599E-05
1,-0.005063088,-0.009230768,0.001649353,0.001872752,-0.001812046
0,0.007809947,-0.005063088,-0.009230768,0.001649353,0.001872752
0,-0.008676638,0.007809947,-0.005063088,-0.009230768,0.001649353
0,-0.005936889,-0.008676638,0.007809947,-0.005063088,-0.009230768
1,-0.000239008,-0.005936889,-0.008676638,0.007809947,-0.005063088
1,0.003174639,-0.000239008,-0.005936889,-0.008676638,0.007809947
1,0.000753497,0.003174639,-0.000239008,-0.005936889,-0.008676638
0,0.012483644,0.000753497,0.003174639,-0.000239008,-0.005936889
0,-0.009561518,0.012483644,0.000753497,0.003174639,-0.000239008
0,-0.000169465,-0.009561518,0.012483644,0.000753497,0.003174639
1,-0.008478289,-0.000169465,-0.009561518,0.012483644,0.000753497
0,0.009796653,-0.008478289,-0.000169465,-0.009561518,0.012483644
1,-0.009411297,0.009796653,-0.008478289,-0.000169465,-0.009561518
0,0.000205179,-0.009411297,0.009796653,-0.008478289,-0.000169465
1,-0.003706708,0.000205179,-0.009411297,0.009796653,-0.008478289
0,0.006019504,-0.003706708,0.000205179,-0.009411297,0.009796653
1,-0.002085459,0.006019504,-0.003706708,0.000205179,-0.009411297
1,0.013681383,-0.002085459,0.006019504,-0.003706708,0.000205179
0,0.00697474,0.013681383,-0.002085459,0.006019504,-0.003706708
1,-0.000210444,0.00697474,0.013681383,-0.002085459,0.006019504
0,0.004286857,-0.000210444,0.00697474,0.013681383,-0.002085459
1,-0.001005263,0.004286857,-0.000210444,0.00697474,0.013681383
1,0.001135042,-0.001005263,0.004286857,-0.000210444,0.00697474
0,0.002824678,0.001135042,-0.001005263,0.004286857,-0.000210444
1,-0.002911815,0.002824678,0.001135042,-0.001005263,0.004286857
1,0.004897281,-0.002911815,0.002824678,0.001135042,-0.001005263
1,0.001289446,0.004897281,-0.002911815,0.002824678,0.001135042
0,0.003309566,0.001289446,0.004897281,-0.002911815,0.002824678
0,-0.001717759,0.003309566,0.001289446,0.004897281,-0.002911815
0,-0.009175181,-0.001717759,0.003309566,0.001289446,0.004897281
0,-0.008115191,-0.009175181,-0.001717759,0.003309566,0.001289446
0,-0.001798886,-0.008115191,-0.009175181,-0.001717759,0.003309566
1,-0.001840713,-0.001798886,-0.008115191,-0.009175181,-0.001717759
0,0.003132991,-0.001840713,-0.001798886,-0.008115191,-0.009175181
1,-0.003257965,0.003132991,-0.001840713,-0.001798886,-0.008115191
1,0.005808185,-0.003257965,0.003132991,-0.001840713,-0.001798886
0,0.002712061,0.005808185,-0.003257965,0.003132991,-0.001840713
1,-0.001651564,0.002712061,0.005808185,-0.003257965,0.003132991
0,0.013364079,-0.001651564,0.002712061,0.005808185,-0.003257965
0,-0.0359198,0.013364079,-0.001651564,0.002712061,0.005808185
1,-0.018096502,-0.0359198,0.013364079,-0.001651564,0.002712061
1,0.017770165,-0.018096502,-0.0359198,0.013364079,-0.001651564
1,0.017032673,0.017770165,-0.018096502,-0.0359198,0.013364079
1,0.013565044,0.017032673,0.017770165,-0.018096502,-0.0359198
0,0.001948602,0.013565044,0.017032673,0.017770165,-0.018096502
1,-0.006847477,0.001948602,0.013565044,0.017032673,0.017770165
0,0.005352963,-0.006847477,0.001948602,0.013565044,0.017032673
1,-0.000871578,0.005352963,-0.006847477,0.001948602,0.013565044
1,0.015253349,-0.000871578,0.005352963,-0.006847477,0.001948602
1,0.003408616,0.015253349,-0.000871578,0.005352963,-0.006847477
1,0.007009293,0.003408616,0.015253349,-0.000871578,0.005352963
1,0.000134768,0.007009293,0.003408616,0.015253349,-0.000871578
0,0.005259204,0.000134768,0.007009293,0.003408616,0.015253349
1,-0.000928947,0.005259204,0.000134768,0.007009293,0.003408616
0,0.002382295,-0.000928947,0.005259204,0.000134768,0.007009293
1,-0.001435174,0.002382295,-0.000928947,0.005259204,0.000134768
0,0.004270301,-0.001435174,0.002382295,-0.000928947,0.005259204
1,-0.003612529,0.004270301,-0.001435174,0.002382295,-0.000928947
0,0.004553965,-0.003612529,0.004270301,-0.001435174,0.002382295
1,-0.003011475,0.004553965,-0.003612529,0.004270301,-0.001435174
0,0.000322785,-0.003011475,0.004553965,-0.003612529,0.004270301
1,-0.001198542,0.000322785,-0.003011475,0.004553965,-0.003612529
1,0.001606209,-0.001198542,0.000322785,-0.003011475,0.004553965
0,0.001631309,0.001606209,-0.001198542,0.000322785,-0.003011475
0,-0.001269787,0.001631309,0.001606209,-0.001198542,0.000322785
1,-0.00636162,-0.001269787,0.001631309,0.001606209,-0.001198542
1,0.003133943,-0.00636162,-0.001269787,0.001631309,0.001606209
1,0.000212572,0.003133943,-0.00636162,-0.001269787,0.001631309
0,0.008603496,0.000212572,0.003133943,-0.00636162,-0.001269787
1,-0.000907165,0.008603496,0.000212572,0.003133943,-0.00636162
0,0.000389794,-0.000907165,0.008603496,0.000212572,0.003133943
1,-0.002864686,0.000389794,-0.000907165,0.008603496,0.000212572
0,0.004734588,-0.002864686,0.000389794,-0.000907165,0.008603496
1,-0.000796046,0.004734588,-0.002864686,0.000389794,-0.000907165
0,0.002792909,-0.000796046,0.004734588,-0.002864686,0.000389794
1,-0.005479077,0.002792909,-0.000796046,0.004734588,-0.002864686
1,0.00186859,-0.005479077,0.002792909,-0.000796046,0.004734588
0,0.002199617,0.00186859,-0.005479077,0.002792909,-0.000796046
0,-0.001440272,0.002199617,0.00186859,-0.005479077,0.002792909
1,-0.000563323,-0.001440272,0.002199617,0.00186859,-0.005479077
0,0.001951769,-0.000563323,-0.001440272,0.002199617,0.00186859
0,-0.005240277,0.001951769,-0.000563323,-0.001440272,0.002199617
0,-0.001365227,-0.005240277,0.001951769,-0.000563323,-0.001440272
1,-0.001578817,-0.001365227,-0.005240277,0.001951769,-0.000563323
0,0.005228047,-0.001578817,-0.001365227,-0.005240277,0.001951769
0,-0.001953681,0.005228047,-0.001578817,-0.001365227,-0.005240277
0,-0.002375864,-0.001953681,0.005228047,-0.001578817,-0.001365227
1,-4.13846E-05,-0.002375864,-0.001953681,0.005228047,-0.001578817
1,0.004201041,-4.13846E-05,-0.002375864,-0.001953681,0.005228047
0,0.002981679,0.004201041,-4.13846E-05,-0.002375864,-0.001953681
0,-0.000146385,0.002981679,0.004201041,-4.13846E-05,-0.002375864
0,-0.002223014,-0.000146385,0.002981679,0.004201041,-4.13846E-05
1,-0.024522069,-0.002223014,-0.000146385,0.002981679,0.004201041
0,0.014677053,-0.024522069,-0.002223014,-0.000146385,0.002981679
0,-0.014830674,0.014677053,-0.024522069,-0.002223014,-0.000146385
1,-0.000587677,-0.014830674,0.014677053,-0.024522069,-0.002223014
0,0.010109273,-0.000587677,-0.014830674,0.014677053,-0.024522069
0,-0.003772295,0.010109273,-0.000587677,-0.014830674,0.014677053
1,-1.86031E-05,-0.003772295,0.010109273,-0.000587677,-0.014830674
1,0.000299138,-1.86031E-05,-0.003772295,0.010109273,-0.000587677
1,0.010917162,0.000299138,-1.86031E-05,-0.003772295,0.010109273
0,0.006499785,0.010917162,0.000299138,-1.86031E-05,-0.003772295
0,-0.005736775,0.006499785,0.010917162,0.000299138,-1.86031E-05
1,-0.008587762,-0.005736775,0.006499785,0.010917162,0.000299138
1,0.00644417,-0.008587762,-0.005736775,0.006499785,0.010917162
0,0.005296554,0.00644417,-0.008587762,-0.005736775,0.006499785
1,-0.009321411,0.005296554,0.00644417,-0.008587762,-0.005736775
0,0.007967969,-0.009321411,0.005296554,0.00644417,-0.008587762
0,-0.003260696,0.007967969,-0.009321411,0.005296554,0.00644417
1,-0.004955562,-0.003260696,0.007967969,-0.009321411,0.005296554
1,0.004296691,-0.004955562,-0.003260696,0.007967969,-0.009321411
0,0.00048156,0.004296691,-0.004955562,-0.003260696,0.007967969
1,-0.003253484,0.00048156,0.004296691,-0.004955562,-0.003260696
0,0.004605905,-0.003253484,0.00048156,0.004296691,-0.004955562
1,-0.012446472,0.004605905,-0.003253484,0.00048156,0.004296691
0,0.001146589,-0.012446472,0.004605905,-0.003253484,0.00048156
1,-0.003099264,0.001146589,-0.012446472,0.004605905,-0.003253484
0,0.000201604,-0.003099264,0.001146589,-0.012446472,0.004605905
1,-0.003037994,0.000201604,-0.003099264,0.001146589,-0.012446472
1,0.006160403,-0.003037994,0.000201604,-0.003099264,0.001146589
0,0.002191971,0.006160403,-0.003037994,0.000201604,-0.003099264
0,-0.001375724,0.002191971,0.006160403,-0.003037994,0.000201604
1,-8.41417E-05,-0.001375724,0.002191971,0.006160403,-0.003037994
0,0.00474984,-8.41417E-05,-0.001375724,0.002191971,0.006160403
0,-0.003797728,0.00474984,-8.41417E-05,-0.001375724,0.002191971
0,-0.001740411,-0.003797728,0.00474984,-8.41417E-05,-0.001375724
0,-0.002986727,-0.001740411,-0.003797728,0.00474984,-8.41417E-05
0,-0.003108299,-0.002986727,-0.001740411,-0.003797728,0.00474984
0,-0.000122277,-0.003108299,-0.002986727,-0.001740411,-0.003797728
0,-0.006786883,-0.000122277,-0.003108299,-0.002986727,-0.001740411
0,-0.006525501,-0.006786883,-0.000122277,-0.003108299,-0.002986727
0,-0.004423401,-0.006525501,-0.006786883,-0.000122277,-0.003108299
1,-0.001666131,-0.004423401,-0.006525501,-0.006786883,-0.000122277
1,0.022223544,-0.001666131,-0.004423401,-0.006525501,-0.006786883
1,0.003771974,0.022223544,-0.001666131,-0.004423401,-0.006525501
1,0.011077021,0.003771974,0.022223544,-0.001666131,-0.004423401
0,0.001950746,0.011077021,0.003771974,0.022223544,-0.001666131
0,-0.00139795,0.001950746,0.011077021,0.003771974,0.022223544
1,-0.000115503,-0.00139795,0.001950746,0.011077021,0.003771974
0,0.007480798,-0.000115503,-0.00139795,0.001950746,0.011077021
1,-0.001582264,0.007480798,-0.000115503,-0.00139795,0.001950746
0,0.00467637,-0.001582264,0.007480798,-0.000115503,-0.00139795
1,-0.002386798,0.00467637,-0.001582264,0.007480798,-0.000115503
1,0.007461401,-0.002386798,0.00467637,-0.001582264,0.007480798
1,0.002165432,0.007461401,-0.002386798,0.00467637,-0.001582264
1,0.000808025,0.002165432,0.007461401,-0.002386798,0.00467637
0,0.003914387,0.000808025,0.002165432,0.007461401,-0.002386798
1,-0.005254536,0.003914387,0.000808025,0.002165432,0.007461401
0,0.001335293,-0.005254536,0.003914387,0.000808025,0.002165432
0,-0.002653404,0.001335293,-0.005254536,0.003914387,0.000808025
1,-0.003515529,-0.002653404,0.001335293,-0.005254536,0.003914387
1,0.000397006,-0.003515529,-0.002653404,0.001335293,-0.005254536
1,0.005821305,0.000397006,-0.003515529,-0.002653404,0.001335293
1,0.003410888,0.005821305,0.000397006,-0.003515529,-0.002653404
1,0.013163242,0.003410888,0.005821305,0.000397006,-0.003515529
1,0.002159343,0.013163242,0.003410888,0.005821305,0.000397006
0,0.005938985,0.002159343,0.013163242,0.003410888,0.005821305
1,-0.001137435,0.005938985,0.002159343,0.013163242,0.003410888
0,0.006539775,-0.001137435,0.005938985,0.002159343,0.013163242
1,-0.008117172,0.006539775,-0.001137435,0.005938985,0.002159343
0,0.003883228,-0.008117172,0.006539775,-0.001137435,0.005938985
1,-0.001750623,0.003883228,-0.008117172,0.006539775,-0.001137435
1,0.001975121,-0.001750623,0.003883228,-0.008117172,0.006539775
0,0.003637512,0.001975121,-0.001750623,0.003883228,-0.008117172
0,-0.002457361,0.003637512,0.001975121,-0.001750623,0.003883228
1,-0.001862974,-0.002457361,0.003637512,0.001975121,-0.001750623
1,0.001251715,-0.001862974,-0.002457361,0.003637512,0.001975121
0,0.002248373,0.001251715,-0.001862974,-0.002457361,0.003637512
0,-0.008356529,0.002248373,0.001251715,-0.001862974,-0.002457361
0,-0.000293305,-0.008356529,0.002248373,0.001251715,-0.001862974
1,-0.00463705,-0.000293305,-0.008356529,0.002248373,0.001251715
1,0.008486575,-0.00463705,-0.000293305,-0.008356529,0.002248373
0,0.005722274,0.008486575,-0.00463705,-0.000293305,-0.008356529
1,-0.00077067,0.005722274,0.008486575,-0.00463705,-0.000293305
0,0.003516959,-0.00077067,0.005722274,0.008486575,-0.00463705
0,-0.003548594,0.003516959,-0.00077067,0.005722274,0.008486575
1,0,-0.003548594,0.003516959,-0.00077067,0.005722274
0,0.002829638,0,-0.003548594,0.003516959,-0.00077067
1,-0.002144809,0.002829638,0,-0.003548594,0.003516959
0,0.001849841,-0.002144809,0.002829638,0,-0.003548594
1,-0.002967503,0.001849841,-0.002144809,0.002829638,0
0,0.001763754,-0.002967503,0.001849841,-0.002144809,0.002829638
1,-0.003609309,0.001763754,-0.002967503,0.001849841,-0.002144809
0,0.003366238,-0.003609309,0.001763754,-0.002967503,0.001849841
1,-0.002690125,0.003366238,-0.003609309,0.001763754,-0.002967503
1,0.006564594,-0.002690125,0.003366238,-0.003609309,0.001763754
0,0.008026091,0.006564594,-0.002690125,0.003366238,-0.003609309
0,-0.000735384,0.008026091,0.006564594,-0.002690125,0.003366238
0,-0.000866464,-0.000735384,0.008026091,0.006564594,-0.002690125
0,-0.006009543,-0.000866464,-0.000735384,0.008026091,0.006564594
1,-0.000889905,-0.006009543,-0.000866464,-0.000735384,0.008026091
1,0.000298364,-0.000889905,-0.006009543,-0.000866464,-0.000735384
1,0.000570309,0.000298364,-0.000889905,-0.006009543,-0.000866464
0,0.007264758,0.000570309,0.000298364,-0.000889905,-0.006009543
1,-0.002115357,0.007264758,0.000570309,0.000298364,-0.000889905
1,0.000226829,-0.002115357,0.007264758,0.000570309,0.000298364
1,0.000693322,0.000226829,-0.002115357,0.007264758,0.000570309
1,0.005752546,0.000693322,0.000226829,-0.002115357,0.007264758
1,0.00356605,0.005752546,0.000693322,0.000226829,-0.002115357
1,0.005245845,0.00356605,0.005752546,0.000693322,0.000226829
1,0.004007335,0.005245845,0.00356605,0.005752546,0.000693322
0,0.004992309,0.004007335,0.005245845,0.00356605,0.005752546
1,-0.000864118,0.004992309,0.004007335,0.005245845,0.00356605
1,0.001678556,-0.000864118,0.004992309,0.004007335,0.005245845
0,0.006048066,0.001678556,-0.000864118,0.004992309,0.004007335
1,-0.0010822,0.006048066,0.001678556,-0.000864118,0.004992309
1,0.000418987,-0.0010822,0.006048066,0.001678556,-0.000864118
1,0.001493364,0.000418987,-0.0010822,0.006048066,0.001678556
0,0.001017983,0.001493364,0.000418987,-0.0010822,0.006048066
1,-0.002578376,0.001017983,0.001493364,0.000418987,-0.0010822
0,0.013673855,-0.002578376,0.001017983,0.001493364,0.000418987
1,-0.00585988,0.013673855,-0.002578376,0.001017983,0.001493364
0,0.000503877,-0.00585988,0.013673855,-0.002578376,0.001017983
0,-0.003277241,0.000503877,-0.00585988,0.013673855,-0.002578376
0,-0.002913374,-0.003277241,0.000503877,-0.00585988,0.013673855
1,-0.002284216,-0.002913374,-0.003277241,0.000503877,-0.00585988
1,0.000799895,-0.002284216,-0.002913374,-0.003277241,0.000503877
1,0.00326867,0.000799895,-0.002284216,-0.002913374,-0.003277241
0,0.000366633,0.00326867,0.000799895,-0.002284216,-0.002913374
1,-0.003379027,0.000366633,0.00326867,0.000799895,-0.002284216
0,0.008374753,-0.003379027,0.000366633,0.00326867,0.000799895
0,-0.00162671,0.008374753,-0.003379027,0.000366633,0.00326867
0,-0.001314315,-0.00162671,0.008374753,-0.003379027,0.000366633
0,-0.002009893,-0.001314315,-0.00162671,0.008374753,-0.003379027
1,-0.012407973,-0.002009893,-0.001314315,-0.00162671,0.008374753
0,0.001889886,-0.012407973,-0.002009893,-0.001314315,-0.00162671
0,-0.00106027,0.001889886,-0.012407973,-0.002009893,-0.001314315
0,-0.000843996,-0.00106027,0.001889886,-0.012407973,-0.002009893
1,-0.001019587,-0.000843996,-0.00106027,0.001889886,-0.012407973
1,0.007251474,-0.001019587,-0.000843996,-0.00106027,0.001889886
1,0.001085325,0.007251474,-0.001019587,-0.000843996,-0.00106027
0,0.00293511,0.001085325,0.007251474,-0.001019587,-0.000843996
0,-0.002255048,0.00293511,0.001085325,0.007251474,-0.001019587
1,-0.001642126,-0.002255048,0.00293511,0.001085325,0.007251474
0,0.000559522,-0.001642126,-0.002255048,0.00293511,0.001085325
1,-0.003054861,0.000559522,-0.001642126,-0.002255048,0.00293511
0,0.001929509,-0.003054861,0.000559522,-0.001642126,-0.002255048
1,-0.00082713,0.001929509,-0.003054861,0.000559522,-0.001642126
0,0.000687686,-0.00082713,0.001929509,-0.003054861,0.000559522
0,-0.001433879,0.000687686,-0.00082713,0.001929509,-0.003054861
0,-0.003759951,-0.001433879,0.000687686,-0.00082713,0.001929509
1,-0.006814694,-0.003759951,-0.001433879,0.000687686,-0.00082713
0,0.008613349,-0.006814694,-0.003759951,-0.001433879,0.000687686
0,-0.00290338,0.008613349,-0.006814694,-0.003759951,-0.001433879
1,-0.001716351,-0.00290338,0.008613349,-0.006814694,-0.003759951
0,0.007557263,-0.001716351,-0.00290338,0.008613349,-0.006814694
1,-0.003035073,0.007557263,-0.001716351,-0.00290338,0.008613349
1,0.010840069,-0.003035073,0.007557263,-0.001716351,-0.00290338
0,0.006090687,0.010840069,-0.003035073,0.007557263,-0.001716351
1,-0.000485703,0.006090687,0.010840069,-0.003035073,0.007557263
0,0.00055292,-0.000485703,0.006090687,0.010840069,-0.003035073
1,-0.001913147,0.00055292,-0.000485703,0.006090687,0.010840069
1,0.001732291,-0.001913147,0.00055292,-0.000485703,0.006090687
0,0.00118905,0.001732291,-0.001913147,0.00055292,-0.000485703
1,-0.001271361,0.00118905,0.001732291,-0.001913147,0.00055292
1,0.000582103,-0.001271361,0.00118905,0.001732291,-0.001913147
1,0.004088695,0.000582103,-0.001271361,0.00118905,0.001732291
0,3.74461E-05,0.004088695,0.000582103,-0.001271361,0.00118905
1,-0.001025249,3.74461E-05,0.004088695,0.000582103,-0.001271361
0,0.001130601,-0.001025249,3.74461E-05,0.004088695,0.000582103
0,-0.002162809,0.001130601,-0.001025249,3.74461E-05,0.004088695
1,-0.001478441,-0.002162809,0.001130601,-0.001025249,3.74461E-05
0,0.004776514,-0.001478441,-0.002162809,0.001130601,-0.001025249
0,-0.000686897,0.004776514,-0.001478441,-0.002162809,0.001130601
1,-0.018178215,-0.000686897,0.004776514,-0.001478441,-0.002162809
1,0.003686819,-0.018178215,-0.000686897,0.004776514,-0.001478441
1,0.0067675,0.003686819,-0.018178215,-0.000686897,0.004776514
1,0.005160132,0.0067675,0.003686819,-0.018178215,-0.000686897
1,0.001837872,0.005160132,0.0067675,0.003686819,-0.018178215
1,0.002489127,0.001837872,0.005160132,0.0067675,0.003686819
1,0.004441948,0.002489127,0.001837872,0.005160132,0.0067675
0,0.00031055,0.004441948,0.002489127,0.001837872,0.005160132
0,-0.001204624,0.00031055,0.004441948,0.002489127,0.001837872
1,-0.000459969,-0.001204624,0.00031055,0.004441948,0.002489127
1,0.007571113,-0.000459969,-0.001204624,0.00031055,0.004441948
0,0.003707731,0.007571113,-0.000459969,-0.001204624,0.00031055
0,-0.001217665,0.003707731,0.007571113,-0.000459969,-0.001204624
1,-0.00277904,-0.001217665,0.003707731,0.007571113,-0.000459969
1,0.001568257,-0.00277904,-0.001217665,0.003707731,0.007571113
0,0.000267205,0.001568257,-0.00277904,-0.001217665,0.003707731
0,-0.000829989,0.000267205,0.001568257,-0.00277904,-0.001217665
1,-0.000978763,-0.000829989,0.000267205,0.001568257,-0.00277904
0,0.004511505,-0.000978763,-0.000829989,0.000267205,0.001568257
0,-0.000995831,0.004511505,-0.000978763,-0.000829989,0.000267205
1,-0.002239598,-0.000995831,0.004511505,-0.000978763,-0.000829989
1,0.000283639,-0.002239598,-0.000995831,0.004511505,-0.000978763
0,0.008347229,0.000283639,-0.002239598,-0.000995831,0.004511505
0,-0.006696638,0.008347229,0.000283639,-0.002239598,-0.000995831
0,-0.000582644,-0.006696638,0.008347229,0.000283639,-0.002239598
1,-0.000455782,-0.000582644,-0.006696638,0.008347229,0.000283639
1,0.001560916,-0.000455782,-0.000582644,-0.006696638,0.008347229
0,0.000315802,0.001560916,-0.000455782,-0.000582644,-0.006696638
1,-0.008072825,0.000315802,0.001560916,-0.000455782,-0.000582644
0,0.008808066,-0.008072825,0.000315802,0.001560916,-0.000455782
1,-0.008600023,0.008808066,-0.008072825,0.000315802,0.001560916
1,0.001533232,-0.008600023,0.008808066,-0.008072825,0.000315802
1,0.002310834,0.001533232,-0.008600023,0.008808066,-0.008072825
0,0.001453279,0.002310834,0.001533232,-0.008600023,0.008808066
1,-0.009368824,0.001453279,0.002310834,0.001533232,-0.008600023
1,0.006403126,-0.009368824,0.001453279,0.002310834,0.001533232
0,0.000927766,0.006403126,-0.009368824,0.001453279,0.002310834
1,-0.000782681,0.000927766,0.006403126,-0.009368824,0.001453279
1,0.007305608,-0.000782681,0.000927766,0.006403126,-0.009368824
1,0.001874584,0.007305608,-0.000782681,0.000927766,0.006403126
0,0.004673503,0.001874584,0.007305608,-0.000782681,0.000927766
1,-5.29129E-05,0.004673503,0.001874584,0.007305608,-0.000782681
1,0.000597857,-5.29129E-05,0.004673503,0.001874584,0.007305608
0,0.005372639,0.000597857,-5.29129E-05,0.004673503,0.001874584
0,-0.000153659,0.005372639,0.000597857,-5.29129E-05,0.004673503
0,-0.000367872,-0.000153659,0.005372639,0.000597857,-5.29129E-05
1,-0.001063735,-0.000367872,-0.000153659,0.005372639,0.000597857
1,0.002923172,-0.001063735,-0.000367872,-0.000153659,0.005372639
0,0.000282664,0.002923172,-0.001063735,-0.000367872,-0.000153659
0,-0.000972688,0.000282664,0.002923172,-0.001063735,-0.000367872
0,-0.001341115,-0.000972688,0.000282664,0.002923172,-0.001063735
1,-0.000728146,-0.001341115,-0.000972688,0.000282664,0.002923172
1,0.002449115,-0.000728146,-0.001341115,-0.000972688,0.000282664
0,0.000492648,0.002449115,-0.000728146,-0.001341115,-0.000972688
1,-0.002183654,0.000492648,0.002449115,-0.000728146,-0.001341115
1,0.001889104,-0.002183654,0.000492648,0.002449115,-0.000728146
0,0.0016472,0.001889104,-0.002183654,0.000492648,0.002449115
0,-0.002414433,0.0016472,0.001889104,-0.002183654,0.000492648
0,-0.000363609,-0.002414433,0.0016472,0.001889104,-0.002183654
1,-0.014474442,-0.000363609,-0.002414433,0.0016472,0.001889104
1,0.00127557,-0.014474442,-0.000363609,-0.002414433,0.0016472
0,0.010043755,0.00127557,-0.014474442,-0.000363609,-0.002414433
1,-0.000498808,0.010043755,0.00127557,-0.014474442,-0.000363609
0,0.001420103,-0.000498808,0.010043755,0.00127557,-0.014474442
0,-0.015436952,0.001420103,-0.000498808,0.010043755,0.00127557
1,-0.001835367,-0.015436952,0.001420103,-0.000498808,0.010043755
1,0.001162651,-0.001835367,-0.015436952,0.001420103,-0.000498808
0,0.00994078,0.001162651,-0.001835367,-0.015436952,0.001420103
0,-0.003453593,0.00994078,0.001162651,-0.001835367,-0.015436952
1,-0.002074462,-0.003453593,0.00994078,0.001162651,-0.001835367
1,0.001672869,-0.002074462,-0.003453593,0.00994078,0.001162651
1,0.000487072,0.001672869,-0.002074462,-0.003453593,0.00994078
1,0.000842822,0.000487072,0.001672869,-0.002074462,-0.003453593
1,0.004615149,0.000842822,0.000487072,0.001672869,-0.002074462
1,0.005720976,0.004615149,0.000842822,0.000487072,0.001672869
0,0.001982541,0.005720976,0.004615149,0.000842822,0.000487072
1,-0.007550807,0.001982541,0.005720976,0.004615149,0.000842822
0,0.003128727,-0.007550807,0.001982541,0.005720976,0.004615149
0,-0.000178436,0.003128727,-0.007550807,0.001982541,0.005720976
1,-0.001488851,-0.000178436,0.003128727,-0.007550807,0.001982541
1,0.010839299,-0.001488851,-0.000178436,0.003128727,-0.007550807
1,0.003363948,0.010839299,-0.001488851,-0.000178436,0.003128727
0,0.000757121,0.003363948,0.010839299,-0.001488851,-0.000178436
1,-0.001100718,0.000757121,0.003363948,0.010839299,-0.001488851
1,0.001847181,-0.001100718,0.000757121,0.003363948,0.010839299
1,0.001455921,0.001847181,-0.001100718,0.000757121,0.003363948
1,0.001110195,0.001455921,0.001847181,-0.001100718,0.000757121
0,0.000634348,0.001110195,0.001455921,0.001847181,-0.001100718
1,-0.003045917,0.000634348,0.001110195,0.001455921,0.001847181
0,0.000647794,-0.003045917,0.000634348,0.001110195,0.001455921
1,-0.00222205,0.000647794,-0.003045917,0.000634348,0.001110195
1,7.21668E-05,-0.00222205,0.000647794,-0.003045917,0.000634348
1,0.004085144,7.21668E-05,-0.00222205,0.000647794,-0.003045917
1,0.001204616,0.004085144,7.21668E-05,-0.00222205,0.000647794
1,0.00370511,0.001204616,0.004085144,7.21668E-05,-0.00222205
1,0.003874004,0.00370511,0.001204616,0.004085144,7.21668E-05
1,0.002158838,0.003874004,0.00370511,0.001204616,0.004085144
1,0.00124672,0.002158838,0.003874004,0.00370511,0.001204616
0,0.005646787,0.00124672,0.002158838,0.003874004,0.00370511
0,-0.001073634,0.005646787,0.00124672,0.002158838,0.003874004
1,-0.001804434,-0.001073634,0.005646787,0.00124672,0.002158838
1,0.002322413,-0.001804434,-0.001073634,0.005646787,0.00124672
0,0.001803507,0.002322413,-0.001804434,-0.001073634,0.005646787
1,-0.001686753,0.001803507,0.002322413,-0.001804434,-0.001073634
1,0.000878107,-0.001686753,0.001803507,0.002322413,-0.001804434
1,0.001750753,0.000878107,-0.001686753,0.001803507,0.002322413
1,0.000672579,0.001750753,0.000878107,-0.001686753,0.001803507
1,0.000742335,0.000672579,0.001750753,0.000878107,-0.001686753
1,0.000327998,0.000742335,0.000672579,0.001750753,0.000878107
0,0.005116843,0.000327998,0.000742335,0.000672579,0.001750753
1,-0.003972484,0.005116843,0.000327998,0.000742335,0.000672579
0,0.001617909,-0.003972484,0.005116843,0.000327998,0.000742335
1,-0.00466305,0.001617909,-0.003972484,0.005116843,0.000327998
1,0.001270946,-0.00466305,0.001617909,-0.003972484,0.005116843
0,0.008073022,0.001270946,-0.00466305,0.001617909,-0.003972484
1,-0.00319247,0.008073022,0.001270946,-0.00466305,0.001617909
1,0.000944459,-0.00319247,0.008073022,0.001270946,-0.00466305
1,0.00159211,0.000944459,-0.00319247,0.008073022,0.001270946
1,0.000189966,0.00159211,0.000944459,-0.00319247,0.008073022
1,0.003097075,0.000189966,0.00159211,0.000944459,-0.00319247
0,0.001271251,0.003097075,0.000189966,0.00159211,0.000944459
1,-0.000189103,0.001271251,0.003097075,0.000189966,0.00159211
0,0.001443655,-0.000189103,0.001271251,0.003097075,0.000189966
0,-0.003761888,0.001443655,-0.000189103,0.001271251,0.003097075
1,-0.000897644,-0.003761888,0.001443655,-0.000189103,0.001271251
0,0.000983634,-0.000897644,-0.003761888,0.001443655,-0.000189103
0,-0.002309609,0.000983634,-0.000897644,-0.003761888,0.001443655
1,-0.005525676,-0.002309609,0.000983634,-0.000897644,-0.003761888
0,0.008196058,-0.005525676,-0.002309609,0.000983634,-0.000897644
1,-0.002625963,0.008196058,-0.005525676,-0.002309609,0.000983634
1,0.001275683,-0.002625963,0.008196058,-0.005525676,-0.002309609
0,0.006541139,0.001275683,-0.002625963,0.008196058,-0.005525676
1,-0.000750261,0.006541139,0.001275683,-0.002625963,0.008196058
0,0.002056095,-0.000750261,0.006541139,0.001275683,-0.002625963
1,-0.000384258,0.002056095,-0.000750261,0.006541139,0.001275683
0,0.009848513,-0.000384258,0.002056095,-0.000750261,0.006541139
1,-0.000369226,0.009848513,-0.000384258,0.002056095,-0.000750261
0,0.008190951,-0.000369226,0.009848513,-0.000384258,0.002056095
0,-0.002024531,0.008190951,-0.000369226,0.009848513,-0.000384258
0,-0.001052157,-0.002024531,0.008190951,-0.000369226,0.009848513
0,-0.003739382,-0.001052157,-0.002024531,0.008190951,-0.000369226
1,-0.000114105,-0.003739382,-0.001052157,-0.002024531,0.008190951
1,0.002932358,-0.000114105,-0.003739382,-0.001052157,-0.002024531
1,0.005506306,0.002932358,-0.000114105,-0.003739382,-0.001052157
1,0.003201957,0.005506306,0.002932358,-0.000114105,-0.003739382
0,0.001548922,0.003201957,0.005506306,0.002932358,-0.000114105
0,-0.000472957,0.001548922,0.003201957,0.005506306,0.002932358
1,-0.004070859,-0.000472957,0.001548922,0.003201957,0.005506306
1,0.008974344,-0.004070859,-0.000472957,0.001548922,0.003201957
0,0.005362807,0.008974344,-0.004070859,-0.000472957,0.001548922
0,-0.003230269,0.005362807,0.008974344,-0.004070859,-0.000472957
1,-0.000827893,-0.003230269,0.005362807,0.008974344,-0.004070859
0,0.001985656,-0.000827893,-0.003230269,0.005362807,0.008974344
0,-0.000458166,0.001985656,-0.000827893,-0.003230269,0.005362807
1,-0.001058415,-0.000458166,0.001985656,-0.000827893,-0.003230269
1,0.000790941,-0.001058415,-0.000458166,0.001985656,-0.000827893
0,0.001833999,0.000790941,-0.001058415,-0.000458166,0.001985656
1,-0.005183153,0.001833999,0.000790941,-0.001058415,-0.000458166
1,0.008303362,-0.005183153,0.001833999,0.000790941,-0.001058415
1,0.006398819,0.008303362,-0.005183153,0.001833999,0.000790941
1,0.004028636,0.006398819,0.008303362,-0.005183153,0.001833999
1,0.007033767,0.004028636,0.006398819,0.008303362,-0.005183153
1,0.001662344,0.007033767,0.004028636,0.006398819,0.008303362
0,0.001302932,0.001662344,0.007033767,0.004028636,0.006398819
1,-0.001112227,0.001302932,0.001662344,0.007033767,0.004028636
1,0.007033647,-0.001112227,0.001302932,0.001662344,0.007033767
0,0.006749603,0.007033647,-0.001112227,0.001302932,0.001662344
1,-0.003524487,0.006749603,0.007033647,-0.001112227,0.001302932
0,0.009415052,-0.003524487,0.006749603,0.007033647,-0.001112227
1,-0.00161639,0.009415052,-0.003524487,0.006749603,0.007033647
1,0.004385235,-0.00161639,0.009415052,-0.003524487,0.006749603
1,0.008066727,0.004385235,-0.00161639,0.009415052,-0.003524487
0,0.002174365,0.008066727,0.004385235,-0.00161639,0.009415052
1,-0.000559976,0.002174365,0.008066727,0.004385235,-0.00161639
1,0.000602621,-0.000559976,0.002174365,0.008066727,0.004385235
0,0.011841196,0.000602621,-0.000559976,0.002174365,0.008066727
0,-0.006731974,0.011841196,0.000602621,-0.000559976,0.002174365
1,-0.010898815,-0.006731974,0.011841196,0.000602621,-0.000559976
0,0.000488985,-0.010898815,-0.006731974,0.011841196,0.000602621
0,-0.000648089,0.000488985,-0.010898815,-0.006731974,0.011841196
0,-0.021208548,-0.000648089,0.000488985,-0.010898815,-0.006731974
1,-0.040979225,-0.021208548,-0.000648089,0.000488985,-0.010898815
0,0.017440921,-0.040979225,-0.021208548,-0.000648089,0.000488985
0,-0.005001589,0.017440921,-0.040979225,-0.021208548,-0.000648089
1,-0.03753642,-0.005001589,0.017440921,-0.040979225,-0.021208548
1,0.01493609,-0.03753642,-0.005001589,0.017440921,-0.040979225
1,0.013914585,0.01493609,-0.03753642,-0.005001589,0.017440921
1,0.00261293,0.013914585,0.01493609,-0.03753642,-0.005001589
1,0.013402458,0.00261293,0.013914585,0.01493609,-0.03753642
1,0.012069113,0.013402458,0.00261293,0.013914585,0.01493609
0,0.00037347,0.012069113,0.013402458,0.00261293,0.013914585
0,-0.005841389,0.00037347,0.012069113,0.013402458,0.00261293
1,-0.005496503,-0.005841389,0.00037347,0.012069113,0.013402458
1,0.000973551,-0.005496503,-0.005841389,0.00037347,0.012069113
1,0.016028376,0.000973551,-0.005496503,-0.005841389,0.00037347
0,0.011757015,0.016028376,0.000973551,-0.005496503,-0.005841389
0,-0.012706889,0.011757015,0.016028376,0.000973551,-0.005496503
0,-0.011095789,-0.012706889,0.011757015,0.016028376,0.000973551
1,-0.013324399,-0.011095789,-0.012706889,0.011757015,0.016028376
1,0.005071603,-0.013324399,-0.011095789,-0.012706889,0.011757015
1,0.011032026,0.005071603,-0.013324399,-0.011095789,-0.012706889
0,0.002638859,0.011032026,0.005071603,-0.013324399,-0.011095789
1,-0.000483875,0.002638859,0.011032026,0.005071603,-0.013324399
1,0.004463078,-0.000483875,0.002638859,0.011032026,0.005071603
0,0.017378831,0.004463078,-0.000483875,0.002638859,0.011032026
0,-0.001273985,0.017378831,0.004463078,-0.000483875,0.002638859
0,-0.006363577,-0.001273985,0.017378831,0.004463078,-0.000483875
0,-0.005724522,-0.006363577,-0.001273985,0.017378831,0.004463078
1,-0.00078193,-0.005724522,-0.006363577,-0.001273985,0.017378831
0,0.001703447,-0.00078193,-0.005724522,-0.006363577,-0.001273985
1,-0.014204195,0.001703447,-0.00078193,-0.005724522,-0.006363577
0,0.001481805,-0.014204195,0.001703447,-0.00078193,-0.005724522
0,-0.00184399,0.001481805,-0.014204195,0.001703447,-0.00078193
0,-0.025162889,-0.00184399,0.001481805,-0.014204195,0.001703447
1,-0.02096688,-0.025162889,-0.00184399,0.001481805,-0.014204195
0,0.027157256,-0.02096688,-0.025162889,-0.00184399,0.001481805
0,-0.017276309,0.027157256,-0.02096688,-0.025162889,-0.00184399
1,-0.002916657,-0.017276309,0.027157256,-0.02096688,-0.025162889
0,0.013769719,-0.002916657,-0.017276309,0.027157256,-0.02096688
1,-0.022337423,0.013769719,-0.002916657,-0.017276309,0.027157256
1,0.012614866,-0.022337423,0.013769719,-0.002916657,-0.017276309
1,0.011566483,0.012614866,-0.022337423,0.013769719,-0.002916657
0,0.006862864,0.011566483,0.012614866,-0.022337423,0.013769719
1,-0.021920249,0.006862864,0.011566483,0.012614866,-0.022337423
1,0.003336549,-0.021920249,0.006862864,0.011566483,0.012614866
0,0.016726954,0.003336549,-0.021920249,0.006862864,0.011566483
1,-0.005525365,0.016726954,0.003336549,-0.021920249,0.006862864
0,0.00825075,-0.005525365,0.016726954,0.003336549,-0.021920249
1,-0.002886625,0.00825075,-0.005525365,0.016726954,0.003336549
1,0.008109038,-0.002886625,0.00825075,-0.005525365,0.016726954
1,0.010661505,0.008109038,-0.002886625,0.00825075,-0.005525365
0,0.000831366,0.010661505,0.008109038,-0.002886625,0.00825075
0,-0.005726125,0.000831366,0.010661505,0.008109038,-0.002886625
1,-0.008536532,-0.005726125,0.000831366,0.010661505,0.008109038
0,5.62315E-05,-0.008536532,-0.005726125,0.000831366,0.010661505
1,-0.013380561,5.62315E-05,-0.008536532,-0.005726125,0.000831366
1,0.001837059,-0.013380561,5.62315E-05,-0.008536532,-0.005726125
1,0.010434205,0.001837059,-0.013380561,5.62315E-05,-0.008536532
0,0.001113625,0.010434205,0.001837059,-0.013380561,5.62315E-05
1,-0.008187491,0.001113625,0.010434205,0.001837059,-0.013380561
0,0.002549045,-0.008187491,0.001113625,0.010434205,0.001837059
0,-0.007205864,0.002549045,-0.008187491,0.001113625,0.010434205
1,-0.002253674,-0.007205864,0.002549045,-0.008187491,0.001113625
1,0.012811179,-0.002253674,-0.007205864,0.002549045,-0.008187491
0,0.003457946,0.012811179,-0.002253674,-0.007205864,0.002549045
1,-0.000265641,0.003457946,0.012811179,-0.002253674,-0.007205864
1,0.00968222,-0.000265641,0.003457946,0.012811179,-0.002253674
1,0.009370644,0.00968222,-0.000265641,0.003457946,0.012811179
1,0.001707596,0.009370644,0.00968222,-0.000265641,0.003457946
0,0.00088349,0.001707596,0.009370644,0.00968222,-0.000265641
1,-0.00684214,0.00088349,0.001707596,0.009370644,0.00968222
0,0.004060562,-0.00684214,0.00088349,0.001707596,0.009370644
0,-0.000855872,0.004060562,-0.00684214,0.00088349,0.001707596
1,-0.002632195,-0.000855872,0.004060562,-0.00684214,0.00088349
0,0.007386753,-0.002632195,-0.000855872,0.004060562,-0.00684214
1,-0.003135762,0.007386753,-0.002632195,-0.000855872,0.004060562
0,0.00324841,-0.003135762,0.007386753,-0.002632195,-0.000855872
0,-0.002023213,0.00324841,-0.003135762,0.007386753,-0.002632195
0,-0.002357221,-0.002023213,0.00324841,-0.003135762,0.007386753
1,-0.011564187,-0.002357221,-0.002023213,0.00324841,-0.003135762
0,0.012695791,-0.011564187,-0.002357221,-0.002023213,0.00324841
1,-0.00687956,0.012695791,-0.011564187,-0.002357221,-0.002023213
1,0.01084923,-0.00687956,0.012695791,-0.011564187,-0.002357221
1,0.004479598,0.01084923,-0.00687956,0.012695791,-0.011564187
1,0.000702593,0.004479598,0.01084923,-0.00687956,0.012695791
0,0.008567393,0.000702593,0.004479598,0.01084923,-0.00687956
1,-0.000714189,0.008567393,0.000702593,0.004479598,0.01084923
1,0.003125904,-0.000714189,0.008567393,0.000702593,0.004479598
1,0.001068708,0.003125904,-0.000714189,0.008567393,0.000702593
0,0.001743385,0.001068708,0.003125904,-0.000714189,0.008567393
1,-0.004026128,0.001743385,0.001068708,0.003125904,-0.000714189
0,0.00247155,-0.004026128,0.001743385,0.001068708,0.003125904
0,-0.001017103,0.00247155,-0.004026128,0.001743385,0.001068708
0,-0.002126128,-0.001017103,0.00247155,-0.004026128,0.001743385
1,-0.004023402,-0.002126128,-0.001017103,0.00247155,-0.004026128
0,0.001712154,-0.004023402,-0.002126128,-0.001017103,0.00247155
1,-0.00634551,0.001712154,-0.004023402,-0.002126128,-0.001017103
0,0.001861934,-0.00634551,0.001712154,-0.004023402,-0.002126128
1,-0.013724669,0.001861934,-0.00634551,0.001712154,-0.004023402
0,0.002204577,-0.013724669,0.001861934,-0.00634551,0.001712154
1,-0.008604355,0.002204577,-0.013724669,0.001861934,-0.00634551
1,0.00617869,-0.008604355,0.002204577,-0.013724669,0.001861934
1,0.000758403,0.00617869,-0.008604355,0.002204577,-0.013724669
0,0.003067958,0.000758403,0.00617869,-0.008604355,0.002204577
1,-0.004947351,0.003067958,0.000758403,0.00617869,-0.008604355
1,0.008620803,-0.004947351,0.003067958,0.000758403,0.00617869
1,0.008481282,0.008620803,-0.004947351,0.003067958,0.000758403
1,0.008822986,0.008481282,0.008620803,-0.004947351,0.003067958
0,0.003473267,0.008822986,0.008481282,0.008620803,-0.004947351
1,-0.007094203,0.003473267,0.008822986,0.008481282,0.008620803
1,0.008749042,-0.007094203,0.003473267,0.008822986,0.008481282
0,0.001079238,0.008749042,-0.007094203,0.003473267,0.008822986
1,-0.001028136,0.001079238,0.008749042,-0.007094203,0.003473267
1,0.003973699,-0.001028136,0.001079238,0.008749042,-0.007094203
0,0.002160512,0.003973699,-0.001028136,0.001079238,0.008749042
0,-0.003952993,0.002160512,0.003973699,-0.001028136,0.001079238
1,-0.000948448,-0.003952993,0.002160512,0.003973699,-0.001028136
1,0.001838049,-0.000948448,-0.003952993,0.002160512,0.003973699
1,0.004780911,0.001838049,-0.000948448,-0.003952993,0.002160512
0,0.009101605,0.004780911,0.001838049,-0.000948448,-0.003952993
0,-0.003032296,0.009101605,0.004780911,0.001838049,-0.000948448
0,-0.006562209,-0.003032296,0.009101605,0.004780911,0.001838049
1,-0.00575417,-0.006562209,-0.003032296,0.009101605,0.004780911
0,0.004884729,-0.00575417,-0.006562209,-0.003032296,0.009101605
1,-0.001040352,0.004884729,-0.00575417,-0.006562209,-0.003032296
1,0.004926445,-0.001040352,0.004884729,-0.00575417,-0.006562209
1,0.004644183,0.004926445,-0.001040352,0.004884729,-0.00575417
1,0.003538227,0.004644183,0.004926445,-0.001040352,0.004884729
0,0.002824182,0.003538227,0.004644183,0.004926445,-0.001040352
0,-0.00026238,0.002824182,0.003538227,0.004644183,0.004926445
0,-0.001441674,-0.00026238,0.002824182,0.003538227,0.004644183
0,-0.007113888,-0.001441674,-0.00026238,0.002824182,0.003538227
1,-0.004005992,-0.007113888,-0.001441674,-0.00026238,0.002824182
0,0.006389255,-0.004005992,-0.007113888,-0.001441674,-0.00026238
1,-0.007602165,0.006389255,-0.004005992,-0.007113888,-0.001441674
1,0.007919408,-0.007602165,0.006389255,-0.004005992,-0.007113888
1,0.003323116,0.007919408,-0.007602165,0.006389255,-0.004005992
1,0.002428018,0.003323116,0.007919408,-0.007602165,0.006389255
0,0.002068536,0.002428018,0.003323116,0.007919408,-0.007602165
0,-0.000398152,0.002068536,0.002428018,0.003323116,0.007919408
1,-0.001691262,-0.000398152,0.002068536,0.002428018,0.003323116
1,0.00619884,-0.001691262,-0.000398152,0.002068536,0.002428018
1,0.007670409,0.00619884,-0.001691262,-0.000398152,0.002068536
1,0.000269279,0.007670409,0.00619884,-0.001691262,-0.000398152
0,0.005701434,0.000269279,0.007670409,0.00619884,-0.001691262
1,-0.004430329,0.005701434,0.000269279,0.007670409,0.00619884
0,0.000134478,-0.004430329,0.005701434,0.000269279,0.007670409
0,-0.001654322,0.000134478,-0.004430329,0.005701434,0.000269279
0,-0.002803127,-0.001654322,0.000134478,-0.004430329,0.005701434
0,-0.003652305,-0.002803127,-0.001654322,0.000134478,-0.004430329
1,-0.002213345,-0.003652305,-0.002803127,-0.001654322,0.000134478
1,0.001897827,-0.002213345,-0.003652305,-0.002803127,-0.001654322
1,0.003739842,0.001897827,-0.002213345,-0.003652305,-0.002803127
1,0.000356672,0.003739842,0.001897827,-0.002213345,-0.003652305
1,0.005282254,0.000356672,0.003739842,0.001897827,-0.002213345
0,0.000275482,0.005282254,0.000356672,0.003739842,0.001897827
1,-0.005569722,0.000275482,0.005282254,0.000356672,0.003739842
1,0.005369015,-0.005569722,0.000275482,0.005282254,0.000356672
1,0.001253273,0.005369015,-0.005569722,0.000275482,0.005282254
0,0.007840592,0.001253273,0.005369015,-0.005569722,0.000275482
0,-0.000368533,0.007840592,0.001253273,0.005369015,-0.005569722
0,-0.003515688,-0.000368533,0.007840592,0.001253273,0.005369015
0,-0.001305096,-0.003515688,-0.000368533,0.007840592,0.001253273
1,-0.003289278,-0.001305096,-0.003515688,-0.000368533,0.007840592
0,0.002763287,-0.003289278,-0.001305096,-0.003515688,-0.000368533
1,-6.87028E-06,0.002763287,-0.003289278,-0.001305096,-0.003515688
0,0.003641105,-6.87028E-06,0.002763287,-0.003289278,-0.001305096
1,-0.00039669,0.003641105,-6.87028E-06,0.002763287,-0.003289278
0,0.00071152,-0.00039669,0.003641105,-6.87028E-06,0.002763287
0,-0.008169483,0.00071152,-0.00039669,0.003641105,-6.87028E-06
0,-0.005527979,-0.008169483,0.00071152,-0.00039669,0.003641105
0,-0.000395116,-0.005527979,-0.008169483,0.00071152,-0.00039669
0,-0.001417904,-0.000395116,-0.005527979,-0.008169483,0.00071152
0,-0.032864229,-0.001417904,-0.000395116,-0.005527979,-0.008169483
1,-0.020573008,-0.032864229,-0.001417904,-0.000395116,-0.005527979
0,0.014206198,-0.020573008,-0.032864229,-0.001417904,-0.000395116
1,-0.005904979,0.014206198,-0.020573008,-0.032864229,-0.001417904
0,0.0214956,-0.005904979,0.014206198,-0.020573008,-0.032864229
0,-0.000252662,0.0214956,-0.005904979,0.014206198,-0.020573008
0,-0.014391922,-0.000252662,0.0214956,-0.005904979,0.014206198
0,-0.00036117,-0.014391922,-0.000252662,0.0214956,-0.005904979
0,-0.004299527,-0.00036117,-0.014391922,-0.000252662,0.0214956
0,-0.00551183,-0.004299527,-0.00036117,-0.014391922,-0.000252662
1,-0.030864434,-0.00551183,-0.004299527,-0.00036117,-0.014391922
0,0.01862504,-0.030864434,-0.00551183,-0.004299527,-0.00036117
0,-0.017327264,0.01862504,-0.030864434,-0.00551183,-0.004299527
1,-0.006559599,-0.017327264,0.01862504,-0.030864434,-0.00551183
1,0.01566678,-0.006559599,-0.017327264,0.01862504,-0.030864434
1,0.010851332,0.01566678,-0.006559599,-0.017327264,0.01862504
0,0.010557844,0.010851332,0.01566678,-0.006559599,-0.017327264
1,-0.006316686,0.010557844,0.010851332,0.01566678,-0.006559599
1,0.005600317,-0.006316686,0.010557844,0.010851332,0.01566678
1,0.006259296,0.005600317,-0.006316686,0.010557844,0.010851332
0,0.021208856,0.006259296,0.005600317,-0.006316686,0.010557844
0,-0.002508917,0.021208856,0.006259296,0.005600317,-0.006316686
0,-0.009199014,-0.002508917,0.021208856,0.006259296,0.005600317
0,-0.019701489,-0.009199014,-0.002508917,0.021208856,0.006259296
0,-0.00148192,-0.019701489,-0.009199014,-0.002508917,0.021208856
1,-0.007567411,-0.00148192,-0.019701489,-0.009199014,-0.002508917
1,0.010593753,-0.007567411,-0.00148192,-0.019701489,-0.009199014
0,0.002223306,0.010593753,-0.007567411,-0.00148192,-0.019701489
0,-0.016643109,0.002223306,0.010593753,-0.007567411,-0.00148192
1,-0.018151241,-0.016643109,0.002223306,0.010593753,-0.007567411
0,0.003043291,-0.018151241,-0.016643109,0.002223306,0.010593753
1,-0.006554842,0.003043291,-0.018151241,-0.016643109,0.002223306
1,0.015532368,-0.006554842,0.003043291,-0.018151241,-0.016643109
1,0.003261692,0.015532368,-0.006554842,0.003043291,-0.018151241
0,0.02297398,0.003261692,0.015532368,-0.006554842,0.003043291
1,-0.002183108,0.02297398,0.003261692,0.015532368,-0.006554842
1,0.008170748,-0.002183108,0.02297398,0.003261692,0.015532368
0,0.010941426,0.008170748,-0.002183108,0.02297398,0.003261692
0,-0.032364903,0.010941426,0.008170748,-0.002183108,0.02297398
0,-0.001522228,-0.032364903,0.010941426,0.008170748,-0.002183108
1,-0.023320119,-0.001522228,-0.032364903,0.010941426,0.008170748
0,0.001762154,-0.023320119,-0.001522228,-0.032364903,0.010941426
1,-0.000356346,0.001762154,-0.023320119,-0.001522228,-0.032364903
0,0.005419504,-0.000356346,0.001762154,-0.023320119,-0.001522228
0,-0.00019993,0.005419504,-0.000356346,0.001762154,-0.023320119
0,-0.01908671,-0.00019993,0.005419504,-0.000356346,0.001762154
1,-0.020773481,-0.01908671,-0.00019993,0.005419504,-0.000356346
0,8.64007E-05,-0.020773481,-0.01908671,-0.00019993,0.005419504
0,-0.015395714,8.64007E-05,-0.020773481,-0.01908671,-0.00019993
0,-0.015772106,-0.015395714,8.64007E-05,-0.020773481,-0.01908671
0,-0.020588228,-0.015772106,-0.015395714,8.64007E-05,-0.020773481
1,-0.027112254,-0.020588228,-0.015772106,-0.015395714,8.64007E-05
1,0.049593743,-0.027112254,-0.020588228,-0.015772106,-0.015395714
0,0.008562681,0.049593743,-0.027112254,-0.020588228,-0.015772106
1,-0.001241583,0.008562681,0.049593743,-0.027112254,-0.020588228
1,0.008492484,-0.001241583,0.008562681,0.049593743,-0.027112254
0,0.001268497,0.008492484,-0.001241583,0.008562681,0.049593743
1,-0.02475673,0.001268497,0.008492484,-0.001241583,0.008562681
1,0.034335714,-0.02475673,0.001268497,0.008492484,-0.001241583
1,0.007010435,0.034335714,-0.02475673,0.001268497,0.008492484
1,0.009695285,0.007010435,0.034335714,-0.02475673,0.001268497
1,0.004098046,0.009695285,0.007010435,0.034335714,-0.02475673
0,0.004518419,0.004098046,0.009695285,0.007010435,0.034335714
0,-0.000146298,0.004518419,0.004098046,0.009695285,0.007010435
1,-0.005257525,-0.000146298,0.004518419,0.004098046,0.009695285
1,0.010721689,-0.005257525,-0.000146298,0.004518419,0.004098046
1,0.002221986,0.010721689,-0.005257525,-0.000146298,0.004518419
1,0.0075914,0.002221986,0.010721689,-0.005257525,-0.000146298
0,0.013183053,0.0075914,0.002221986,0.010721689,-0.005257525
1,-0.014157306,0.013183053,0.0075914,0.002221986,0.010721689
1,0.002202913,-0.014157306,0.013183053,0.0075914,0.002221986
1,0.001375726,0.002202913,-0.014157306,0.013183053,0.0075914
0,0.008488694,0.001375726,0.002202913,-0.014157306,0.013183053
0,-0.007846827,0.008488694,0.001375726,0.002202913,-0.014157306
1,-0.001456247,-0.007846827,0.008488694,0.001375726,0.002202913
1,0.015549261,-0.001456247,-0.007846827,0.008488694,0.001375726
1,0.008597396,0.015549261,-0.001456247,-0.007846827,0.008488694
1,0.00089861,0.008597396,0.015549261,-0.001456247,-0.007846827
1,0.006776237,0.00089861,0.008597396,0.015549261,-0.001456247
0,0.00470842,0.006776237,0.00089861,0.008597396,0.015549261
0,-0.002224438,0.00470842,0.006776237,0.00089861,0.008597396
1,-0.00935714,-0.002224438,0.00470842,0.006776237,0.00089861
1,0.000676201,-0.00935714,-0.002224438,0.00470842,0.006776237
1,0.000709103,0.000676201,-0.00935714,-0.002224438,0.00470842
1,0.012890225,0.000709103,0.000676201,-0.00935714,-0.002224438
0,0.003023995,0.012890225,0.000709103,0.000676201,-0.00935714
1,-0.002651642,0.003023995,0.012890225,0.000709103,0.000676201
1,0.010878753,-0.002651642,0.003023995,0.012890225,0.000709103
1,0.001498743,0.010878753,-0.002651642,0.003023995,0.012890225
0,0.001777111,0.001498743,0.010878753,-0.002651642,0.003023995
1,-0.003526437,0.001777111,0.001498743,0.010878753,-0.002651642
1,0.006411102,-0.003526437,0.001777111,0.001498743,0.010878753
0,0.001231862,0.006411102,-0.003526437,0.001777111,0.001498743
0,-0.000790457,0.001231862,0.006411102,-0.003526437,0.001777111
0,-0.000544049,-0.000790457,0.001231862,0.006411102,-0.003526437
1,-0.002825508,-0.000544049,-0.000790457,0.001231862,0.006411102
0,0.006895321,-0.002825508,-0.000544049,-0.000790457,0.001231862
0,-0.003880558,0.006895321,-0.002825508,-0.000544049,-0.000790457
0,-0.001131533,-0.003880558,0.006895321,-0.002825508,-0.000544049
0,-0.006524099,-0.001131533,-0.003880558,0.006895321,-0.002825508
0,-0.008125717,-0.006524099,-0.001131533,-0.003880558,0.006895321
1,-0.002131689,-0.008125717,-0.006524099,-0.001131533,-0.003880558
1,0.014666042,-0.002131689,-0.008125717,-0.006524099,-0.001131533
1,0.002953318,0.014666042,-0.002131689,-0.008125717,-0.006524099
0,0.006949584,0.002953318,0.014666042,-0.002131689,-0.008125717
1,-0.000868023,0.006949584,0.002953318,0.014666042,-0.002131689
1,0.004984903,-0.000868023,0.006949584,0.002953318,0.014666042
0,0.003705947,0.004984903,-0.000868023,0.006949584,0.002953318
0,-0.000130562,0.003705947,0.004984903,-0.000868023,0.006949584
1,-0.002944354,-0.000130562,0.003705947,0.004984903,-0.000868023
0,0.010852481,-0.002944354,-0.000130562,0.003705947,0.004984903
0,-0.018974501,0.010852481,-0.002944354,-0.000130562,0.003705947
1,-0.000839021,-0.018974501,0.010852481,-0.002944354,-0.000130562
0,0.007182726,-0.000839021,-0.018974501,0.010852481,-0.002944354
1,-0.004644325,0.007182726,-0.000839021,-0.018974501,0.010852481
1,0.003589481,-0.004644325,0.007182726,-0.000839021,-0.018974501
1,0.00673428,0.003589481,-0.004644325,0.007182726,-0.000839021
1,0.0115686,0.00673428,0.003589481,-0.004644325,0.007182726
1,1.74558E-05,0.0115686,0.00673428,0.003589481,-0.004644325
1,0.002148377,1.74558E-05,0.0115686,0.00673428,0.003589481
1,0.002084635,0.002148377,1.74558E-05,0.0115686,0.00673428
1,0.004636433,0.002084635,0.002148377,1.74558E-05,0.0115686
0,0.00104746,0.004636433,0.002084635,0.002148377,1.74558E-05
1,-0.006067495,0.00104746,0.004636433,0.002084635,0.002148377
1,0.003477872,-0.006067495,0.00104746,0.004636433,0.002084635
1,3.81229E-05,0.003477872,-0.006067495,0.00104746,0.004636433
0,0.006609324,3.81229E-05,0.003477872,-0.006067495,0.00104746
1,-0.000629369,0.006609324,3.81229E-05,0.003477872,-0.006067495
0,0.000509358,-0.000629369,0.006609324,3.81229E-05,0.003477872
1,-0.002273812,0.000509358,-0.000629369,0.006609324,3.81229E-05
1,0.001579092,-0.002273812,0.000509358,-0.000629369,0.006609324
1,0.001012018,0.001579092,-0.002273812,0.000509358,-0.000629369
0,0.008841206,0.001012018,0.001579092,-0.002273812,0.000509358
0,-0.002191763,0.008841206,0.001012018,0.001579092,-0.002273812
1,-0.000368974,-0.002191763,0.008841206,0.001012018,0.001579092
1,0.004685292,-0.000368974,-0.002191763,0.008841206,0.001012018
1,0.001071522,0.004685292,-0.000368974,-0.002191763,0.008841206
0,0.000951417,0.001071522,0.004685292,-0.000368974,-0.002191763
0,-0.007502163,0.000951417,0.001071522,0.004685292,-0.000368974
1,-0.002123985,-0.007502163,0.000951417,0.001071522,0.004685292
0,0.009638279,-0.002123985,-0.007502163,0.000951417,0.001071522
0,-0.004470988,0.009638279,-0.002123985,-0.007502163,0.000951417
0,-0.016511651,-0.004470988,0.009638279,-0.002123985,-0.007502163
0,-0.001605425,-0.016511651,-0.004470988,0.009638279,-0.002123985
1,-0.003021425,-0.001605425,-0.016511651,-0.004470988,0.009638279
0,0.003720297,-0.003021425,-0.001605425,-0.016511651,-0.004470988
1,-0.024130557,0.003720297,-0.003021425,-0.001605425,-0.016511651
1,0.008015945,-0.024130557,0.003720297,-0.003021425,-0.001605425
1,0.005838975,0.008015945,-0.024130557,0.003720297,-0.003021425
0,0.008895287,0.005838975,0.008015945,-0.024130557,0.003720297
0,-0.005837333,0.008895287,0.005838975,0.008015945,-0.024130557
1,-0.006749378,-0.005837333,0.008895287,0.005838975,0.008015945
0,0.008495836,-0.006749378,-0.005837333,0.008895287,0.005838975
0,-0.002824396,0.008495836,-0.006749378,-0.005837333,0.008895287
1,-0.01191415,-0.002824396,0.008495836,-0.006749378,-0.005837333
0,0.001353559,-0.01191415,-0.002824396,0.008495836,-0.006749378
0,-0.008375677,0.001353559,-0.01191415,-0.002824396,0.008495836
1,-0.006911912,-0.008375677,0.001353559,-0.01191415,-0.002824396
0,0.002098471,-0.006911912,-0.008375677,0.001353559,-0.01191415
0,-0.013195373,0.002098471,-0.006911912,-0.008375677,0.001353559
1,-0.002765241,-0.013195373,0.002098471,-0.006911912,-0.008375677
1,0.021432371,-0.002765241,-0.013195373,0.002098471,-0.006911912
1,0.008161854,0.021432371,-0.002765241,-0.013195373,0.002098471
1,0.006135587,0.008161854,0.021432371,-0.002765241,-0.013195373
1,0.010497698,0.006135587,0.008161854,0.021432371,-0.002765241
0,0.004660044,0.010497698,0.006135587,0.008161854,0.021432371
0,-0.00034988,0.004660044,0.010497698,0.006135587,0.008161854
1,-0.002037579,-0.00034988,0.004660044,0.010497698,0.006135587
0,0.004097382,-0.002037579,-0.00034988,0.004660044,0.010497698
1,-0.001611512,0.004097382,-0.002037579,-0.00034988,0.004660044
1,0.000931749,-0.001611512,0.004097382,-0.002037579,-0.00034988
1,0.0097174,0.000931749,-0.001611512,0.004097382,-0.002037579
1,0.002985164,0.0097174,0.000931749,-0.001611512,0.004097382
0,0.009472185,0.002985164,0.0097174,0.000931749,-0.001611512
0,-0.001259223,0.009472185,0.002985164,0.0097174,0.000931749
0,-0.001731887,-0.001259223,0.009472185,0.002985164,0.0097174
0,-0.009496397,-0.001731887,-0.001259223,0.009472185,0.002985164
1,-0.001233934,-0.009496397,-0.001731887,-0.001259223,0.009472185
1,0.003823176,-0.001233934,-0.009496397,-0.001731887,-0.001259223
1,0.005757453,0.003823176,-0.001233934,-0.009496397,-0.001731887
1,0.007672301,0.005757453,0.003823176,-0.001233934,-0.009496397
1,0.002928126,0.007672301,0.005757453,0.003823176,-0.001233934
0,0.007672378,0.002928126,0.007672301,0.005757453,0.003823176
0,-0.001805902,0.007672378,0.002928126,0.007672301,0.005757453
1,-0.004835444,-0.001805902,0.007672378,0.002928126,0.007672301
1,0.001236557,-0.004835444,-0.001805902,0.007672378,0.002928126
1,0.004510689,0.001236557,-0.004835444,-0.001805902,0.007672378
1,0.002285227,0.004510689,0.001236557,-0.004835444,-0.001805902
1,0.004620175,0.002285227,0.004510689,0.001236557,-0.004835444
0,0.000175869,0.004620175,0.002285227,0.004510689,0.001236557
0,-0.003403779,0.000175869,0.004620175,0.002285227,0.004510689
1,-0.006531244,-0.003403779,0.000175869,0.004620175,0.002285227
0,0.003581998,-0.006531244,-0.003403779,0.000175869,0.004620175
1,-0.006176735,0.003581998,-0.006531244,-0.003403779,0.000175869
1,0.002828695,-0.006176735,0.003581998,-0.006531244,-0.003403779
1,0.006847483,0.002828695,-0.006176735,0.003581998,-0.006531244
0,0.004688148,0.006847483,0.002828695,-0.006176735,0.003581998
1,-0.005262401,0.004688148,0.006847483,0.002828695,-0.006176735
0,0.007387691,-0.005262401,0.004688148,0.006847483,0.002828695
0,-0.001616114,0.007387691,-0.005262401,0.004688148,0.006847483
0,-0.002578655,-0.001616114,0.007387691,-0.005262401,0.004688148
0,-0.010885526,-0.002578655,-0.001616114,0.007387691,-0.005262401
0,-0.008998794,-0.010885526,-0.002578655,-0.001616114,0.007387691
0,-0.00728274,-0.008998794,-0.010885526,-0.002578655,-0.001616114
1,-0.02977782,-0.00728274,-0.008998794,-0.010885526,-0.002578655
1,0.013017017,-0.02977782,-0.00728274,-0.008998794,-0.010885526
1,0.000766876,0.013017017,-0.02977782,-0.00728274,-0.008998794
0,0.018762304,0.000766876,0.013017017,-0.02977782,-0.00728274
0,-0.006616607,0.018762304,0.000766876,0.013017017,-0.02977782
1,-0.012317322,-0.006616607,0.018762304,0.000766876,0.013017017
0,0.015131688,-0.012317322,-0.006616607,0.018762304,0.000766876
1,-0.029292753,0.015131688,-0.012317322,-0.006616607,0.018762304
1,0.002464268,-0.029292753,0.015131688,-0.012317322,-0.006616607
1,0.014426125,0.002464268,-0.029292753,0.015131688,-0.012317322
0,0.012105865,0.014426125,0.002464268,-0.029292753,0.015131688
1,-0.007914727,0.012105865,0.014426125,0.002464268,-0.029292753
0,0.008246799,-0.007914727,0.012105865,0.014426125,0.002464268
0,-0.000506075,0.008246799,-0.007914727,0.012105865,0.014426125
1,-0.025946337,-0.000506075,0.008246799,-0.007914727,0.012105865
0,0.010982988,-0.025946337,-0.000506075,0.008246799,-0.007914727
1,-0.003203181,0.010982988,-0.025946337,-0.000506075,0.008246799
1,0.00654548,-0.003203181,0.010982988,-0.025946337,-0.000506075
1,0.012687292,0.00654548,-0.003203181,0.010982988,-0.025946337
0,0.000642787,0.012687292,0.00654548,-0.003203181,0.010982988
1,-0.0068991,0.000642787,0.012687292,0.00654548,-0.003203181
1,0.010842079,-0.0068991,0.000642787,0.012687292,0.00654548
1,0.013009814,0.010842079,-0.0068991,0.000642787,0.012687292
0,0.000910605,0.013009814,0.010842079,-0.0068991,0.000642787
1,-9.40102E-05,0.000910605,0.013009814,0.010842079,-0.0068991
1,0.000322304,-9.40102E-05,0.000910605,0.013009814,0.010842079
1,0.007229681,0.000322304,-9.40102E-05,0.000910605,0.013009814
0,0.002879153,0.007229681,0.000322304,-9.40102E-05,0.000910605
0,-0.000724414,0.002879153,0.007229681,0.000322304,-9.40102E-05
1,-0.003135587,-0.000724414,0.002879153,0.007229681,0.000322304
1,0.002581752,-0.003135587,-0.000724414,0.002879153,0.007229681
1,0.000342692,0.002581752,-0.003135587,-0.000724414,0.002879153
0,1.99749E-05,0.000342692,0.002581752,-0.003135587,-0.000724414
0,-0.004895577,1.99749E-05,0.000342692,0.002581752,-0.003135587
0,-9.69359E-05,-0.004895577,1.99749E-05,0.000342692,0.002581752
1,-0.008416371,-9.69359E-05,-0.004895577,1.99749E-05,0.000342692
0,0.006158572,-0.008416371,-9.69359E-05,-0.004895577,1.99749E-05
0,-0.002428916,0.006158572,-0.008416371,-9.69359E-05,-0.004895577
1,-0.005316352,-0.002428916,0.006158572,-0.008416371,-9.69359E-05
0,0.005047607,-0.005316352,-0.002428916,0.006158572,-0.008416371
0,-0.012258373,0.005047607,-0.005316352,-0.002428916,0.006158572
1,-0.017903203,-0.012258373,0.005047607,-0.005316352,-0.002428916
1,0.007971913,-0.017903203,-0.012258373,0.005047607,-0.005316352
0,0.014216898,0.007971913,-0.017903203,-0.012258373,0.005047607
0,-0.004478295,0.014216898,0.007971913,-0.017903203,-0.012258373
1,-0.015560819,-0.004478295,0.014216898,0.007971913,-0.017903203
1,0.009104492,-0.015560819,-0.004478295,0.014216898,0.007971913
1,0.006415696,0.009104492,-0.015560819,-0.004478295,0.014216898
0,0.010938978,0.006415696,0.009104492,-0.015560819,-0.004478295
1,-0.001387119,0.010938978,0.006415696,0.009104492,-0.015560819
0,0.009955677,-0.001387119,0.010938978,0.006415696,0.009104492
1,-0.001999543,0.009955677,-0.001387119,0.010938978,0.006415696
0,0.002762832,-0.001999543,0.009955677,-0.001387119,0.010938978
1,-0.003919345,0.002762832,-0.001999543,0.009955677,-0.001387119
0,0.006871616,-0.003919345,0.002762832,-0.001999543,0.009955677
1,-0.003568667,0.006871616,-0.003919345,0.002762832,-0.001999543
1,0.002847149,-0.003568667,0.006871616,-0.003919345,0.002762832
1,0.001920446,0.002847149,-0.003568667,0.006871616,-0.003919345
1,0.004072701,0.001920446,0.002847149,-0.003568667,0.006871616
0,0.005581338,0.004072701,0.001920446,0.002847149,-0.003568667
1,-0.000832405,0.005581338,0.004072701,0.001920446,0.002847149
0,0.00325337,-0.000832405,0.005581338,0.004072701,0.001920446
1,-0.003022861,0.00325337,-0.000832405,0.005581338,0.004072701
1,0.009662312,-0.003022861,0.00325337,-0.000832405,0.005581338
0,0.003704089,0.009662312,-0.003022861,0.00325337,-0.000832405
1,-0.001185699,0.003704089,0.009662312,-0.003022861,0.00325337
1,0.000702497,-0.001185699,0.003704089,0.009662312,-0.003022861
1,0.002730095,0.000702497,-0.001185699,0.003704089,0.009662312
0,0.002560676,0.002730095,0.000702497,-0.001185699,0.003704089
1,-0.001962467,0.002560676,0.002730095,0.000702497,-0.001185699
1,0.001564646,-0.001962467,0.002560676,0.002730095,0.000702497
1,0.000711535,0.001564646,-0.001962467,0.002560676,0.002730095
1,0.000837043,0.000711535,0.001564646,-0.001962467,0.002560676
1,0.007695488,0.000837043,0.000711535,0.001564646,-0.001962467
0,0.000503153,0.007695488,0.000837043,0.000711535,0.001564646
0,-0.000592594,0.000503153,0.007695488,0.000837043,0.000711535
0,-0.003756184,-0.000592594,0.000503153,0.007695488,0.000837043
1,-0.001582752,-0.003756184,-0.000592594,0.000503153,0.007695488
1,0.002174936,-0.001582752,-0.003756184,-0.000592594,0.000503153
1,0.007507292,0.002174936,-0.001582752,-0.003756184,-0.000592594
1,0.00219557,0.007507292,0.002174936,-0.001582752,-0.003756184
0,0.004174424,0.00219557,0.007507292,0.002174936,-0.001582752
0,-0.00401122,0.004174424,0.00219557,0.007507292,0.002174936
0,-0.008631021,-0.00401122,0.004174424,0.00219557,0.007507292
1,-0.006638095,-0.008631021,-0.00401122,0.004174424,0.00219557
1,0.006323568,-0.006638095,-0.008631021,-0.00401122,0.004174424
1,0.001500251,0.006323568,-0.006638095,-0.008631021,-0.00401122
0,0.009135724,0.001500251,0.006323568,-0.006638095,-0.008631021
0,-0.003162821,0.009135724,0.001500251,0.006323568,-0.006638095
1,-0.001096934,-0.003162821,0.009135724,0.001500251,0.006323568
1,0.002908158,-0.001096934,-0.003162821,0.009135724,0.001500251
1,0.008575226,0.002908158,-0.001096934,-0.003162821,0.009135724
1,7.2582E-05,0.008575226,0.002908158,-0.001096934,-0.003162821
1,0.007147785,7.2582E-05,0.008575226,0.002908158,-0.001096934
0,0.000335292,0.007147785,7.2582E-05,0.008575226,0.002908158
1,-0.0004323,0.000335292,0.007147785,7.2582E-05,0.008575226
1,0.004459292,-0.0004323,0.000335292,0.007147785,7.2582E-05
1,0.004944781,0.004459292,-0.0004323,0.000335292,0.007147785
0,0.000866144,0.004944781,0.004459292,-0.0004323,0.000335292
1,-0.000195448,0.000866144,0.004944781,0.004459292,-0.0004323
1,0.005128167,-0.000195448,0.000866144,0.004944781,0.004459292
0,3.39849E-05,0.005128167,-0.000195448,0.000866144,0.004944781
1,-0.005780823,3.39849E-05,0.005128167,-0.000195448,0.000866144